json_rank,json_file,json_file_name,example_id,example,task_name,ligand,input_structure,json_score,json_pass,json_grade,visual_priority,n_chainbreaks_raw,expected_chainbreaks,extra_chainbreaks,backbone_clashes,sidechain_clashes,ligand_clashes,ligand_min_distance,max_ca_deviation,radius_of_gyration,rg_norm,loop_fraction,non_loop_fraction,helix_fraction,sheet_fraction,num_ss_elements,alanine_content,glycine_content,num_residues,buried_atoms,exposed_atoms,ligand_present,ligand_complete,buried_contact,exposed_contact,pocket_or_groove,severe_ligand_clash_manual,manual_priority,notes,pymol_status,structure_file,protein_count,ligand_count,buried_total,buried_fraction,exposed_total,exposed_fraction,pocket4_residue_count,pocket5_residue_count,pocket4_residue_list,pocket5_residue_list,severe_clash_1p8,close_overlap_2p2,pymol_grade,final_score,final_rank
4,C:\Users\Lenovo\Desktop\small_molecule_design\2_RFD3\4DY_output\all\JSON\4DY_4DY_partial_5_model_4.json,4DY_4DY_partial_5_model_4.json,4DY_4DY_partial_5,4DY_partial,4DY_4DY_partial,4DY,/home/a/rf_diffusion_test/small_molecule_design/4DY.pdb,16.5538,True,Good,High_priority_visual_check,0,0,0,0,0,0,4.140326976776123,0.07264232635498047,13.973115041222078,2.6975,0.1510791366906475,0.8489208633093526,0.8489208633093526,0.0,6,0.23741007194244604,0.007194244604316547,139,"C1,C2,C3,C4,C5,C6,O10,O12,C13,C17,N21,C22,O23,C24,C27","C30,C33,C36,C37,C38,C40,C44",,,13,4,,,,,ok,C:\Users\Lenovo\Desktop\small_molecule_design\2_RFD3\4DY_output\all\CIF\4DY_4DY_partial_5_model_4.cif,995,22,15,0.8667,7,0.5714,16,22,PHE16;ALA17;LEU20;LEU33;LEU36;LEU46;LEU58;LEU61;ALA65;LEU80;ALA84;ALA94;ILE101;LEU126;PHE129;LEU137,LEU13;PHE16;ALA17;LEU20;LEU33;LEU36;ILE45;LEU46;LEU58;LEU61;ALA65;LEU80;CYS81;ALA84;ALA94;VAL97;ILE98;ILE101;LEU126;PHE129;LEU133;LEU137,0,0,Good_pocket,16.5538,1
3,C:\Users\Lenovo\Desktop\small_molecule_design\2_RFD3\4DY_output\all\JSON\4DY_4DY_partial_0_model_7.json,4DY_4DY_partial_0_model_7.json,4DY_4DY_partial_0,4DY_partial,4DY_4DY_partial,4DY,/home/a/rf_diffusion_test/small_molecule_design/4DY.pdb,15.1361,True,Good,High_priority_visual_check,0,0,0,0,0,0,4.024811267852783,0.0913848876953125,14.684380007425924,2.8625,0.14074074074074075,0.8592592592592593,0.8592592592592593,0.0,6,0.22962962962962963,0.0,135,"C1,C2,C3,C4,C5,C6,O10,O12,C13,C17,N21,C22,O23,C24,C27","C30,C33,C36,C37,C38,C40,C44",,,15,6,,,,,ok,C:\Users\Lenovo\Desktop\small_molecule_design\2_RFD3\4DY_output\all\CIF\4DY_4DY_partial_0_model_7.cif,969,22,15,1.0,7,0.8571,15,25,LEU14;HIS18;LEU21;VAL42;LEU46;LEU50;LEU57;ALA87;LEU90;SER94;LEU97;LEU98;LEU101;LEU120;ALA127,LEU10;LEU14;SER17;HIS18;LEU21;VAL34;ALA38;VAL42;LEU46;LEU47;LEU50;LEU57;LEU61;ILE64;ALA87;LEU90;SER91;SER94;LEU97;LEU98;LEU101;PHE113;LEU120;ALA124;ALA127,0,0,Good_pocket,17.2661,2
10,C:\Users\Lenovo\Desktop\small_molecule_design\2_RFD3\4DY_output\all\JSON\4DY_4DY_partial_4_model_6.json,4DY_4DY_partial_4_model_6.json,4DY_4DY_partial_4,4DY_partial,4DY_4DY_partial,4DY,/home/a/rf_diffusion_test/small_molecule_design/4DY.pdb,24.944,True,Good,High_priority_visual_check,0,0,0,0,0,0,3.6475911140441895,0.04845070838928223,14.244542601028964,2.6929,0.24324324324324326,0.7567567567567568,0.7567567567567568,0.0,7,0.25,0.033783783783783786,148,"C1,C2,C3,C4,C5,C6,O10,O12,C13,C17,N21,C22,O23,C24,C27","C30,C33,C36,C37,C38,C40,C44",,,13,5,,,,,ok,C:\Users\Lenovo\Desktop\small_molecule_design\2_RFD3\4DY_output\all\CIF\4DY_4DY_partial_4_model_6.cif,1048,22,15,0.8667,7,0.7143,15,22,PHE8;LEU19;LEU23;LEU62;LEU63;ILE66;HIS67;LEU74;LEU77;ILE95;LEU102;GLN111;LEU115;PHE119;ILE122,PHE8;LEU19;LEU20;LEU22;LEU23;GLU27;ILE59;LEU62;LEU63;ILE66;HIS67;LEU74;LEU77;ILE95;ILE98;LEU102;LEU105;GLN111;LEU115;PHE119;ILE122;LEU138,0,0,Good_pocket,24.944,3
12,C:\Users\Lenovo\Desktop\small_molecule_design\2_RFD3\4DY_output\all\JSON\4DY_4DY_partial_0_model_9.json,4DY_4DY_partial_0_model_9.json,4DY_4DY_partial_0,4DY_partial,4DY_4DY_partial,4DY,/home/a/rf_diffusion_test/small_molecule_design/4DY.pdb,25.1374,True,Good,High_priority_visual_check,0,0,0,0,0,0,5.090264320373535,0.08411121368408203,14.600581315402291,2.8462,0.26666666666666666,0.7333333333333334,0.08888888888888889,0.6444444444444445,10,0.22962962962962963,0.08148148148148149,135,"C1,C2,C3,C4,C5,C6,O10,O12,C13,C17,N21,C22,O23,C24,C27","C30,C33,C36,C37,C38,C40,C44",,,13,3,,,,,ok,C:\Users\Lenovo\Desktop\small_molecule_design\2_RFD3\4DY_output\all\CIF\4DY_4DY_partial_0_model_9.cif,920,22,15,0.8667,7,0.4286,11,16,LEU12;VAL45;VAL49;ILE50;ILE81;VAL83;LEU85;ILE96;LEU116;GLN118;PHE126,LEU12;VAL20;LEU39;VAL45;ALA46;VAL49;ILE50;ILE81;VAL83;LEU85;THR94;ILE96;LEU116;GLN118;PHE126;ASP127,0,0,Good_pocket,25.1374,4
15,C:\Users\Lenovo\Desktop\small_molecule_design\2_RFD3\4DY_output\all\JSON\4DY_4DY_partial_1_model_8.json,4DY_4DY_partial_1_model_8.json,4DY_4DY_partial_1,4DY_partial,4DY_4DY_partial,4DY,/home/a/rf_diffusion_test/small_molecule_design/4DY.pdb,26.0098,True,Good,High_priority_visual_check,0,0,0,0,0,0,3.5115418434143066,0.06083321571350098,15.254585573120588,2.9591,0.2116788321167883,0.7883211678832116,0.7591240875912408,0.029197080291970802,5,0.2846715328467153,0.021897810218978103,137,"C1,C2,C3,C4,C5,C6,O10,O12,C13,C17,N21,C22,O23,C24,C27","C30,C33,C36,C37,C38,C40,C44",,,14,2,,,,,ok,C:\Users\Lenovo\Desktop\small_molecule_design\2_RFD3\4DY_output\all\CIF\4DY_4DY_partial_1_model_8.cif,964,22,15,0.9333,7,0.2857,13,20,LEU3;PRO4;ALA5;PRO6;VAL7;ALA11;THR12;ASN86;ALA118;GLU123;ASN126;TYR127;ILE130,LEU3;PRO4;ALA5;PRO6;VAL7;ASP8;ALA11;THR12;ALA82;LEU83;ASN86;CYS90;GLN115;ALA118;VAL119;THR122;GLU123;ASN126;TYR127;ILE130,0,0,Good_pocket,26.0098,5
19,C:\Users\Lenovo\Desktop\small_molecule_design\2_RFD3\4DY_output\all\JSON\4DY_4DY_partial_3_model_1.json,4DY_4DY_partial_3_model_1.json,4DY_4DY_partial_3,4DY_partial,4DY_4DY_partial,4DY,/home/a/rf_diffusion_test/small_molecule_design/4DY.pdb,26.7488,True,Good,High_priority_visual_check,0,0,0,0,0,0,3.4005777835845947,0.05669379234313965,13.102534110616153,2.7346,0.19090909090909092,0.8090909090909091,0.8090909090909091,0.0,5,0.3090909090909091,0.02727272727272727,110,"C1,C2,C3,C4,C5,C6,O10,O12,C13,C17,N21,C22,O23,C24,C27","C30,C33,C36,C37,C38,C40,C44",,,13,3,,,,,ok,C:\Users\Lenovo\Desktop\small_molecule_design\2_RFD3\4DY_output\all\CIF\4DY_4DY_partial_3_model_1.cif,764,22,15,0.8667,7,0.4286,12,15,ALA2;MET5;GLN6;GLY9;THR12;ARG13;LEU16;LEU51;ASP92;LEU96;ALA99;VAL100,ALA2;MET5;GLN6;GLY9;THR12;ARG13;LEU16;TYR48;LEU51;ALA91;ASP92;ALA95;LEU96;ALA99;VAL100,0,0,Good_pocket,26.7488,6
11,C:\Users\Lenovo\Desktop\small_molecule_design\2_RFD3\4DY_output\all\JSON\4DY_4DY_partial_7_model_0.json,4DY_4DY_partial_7_model_0.json,4DY_4DY_partial_7,4DY_partial,4DY_4DY_partial,4DY,/home/a/rf_diffusion_test/small_molecule_design/4DY.pdb,25.0578,True,Good,High_priority_visual_check,0,0,0,0,0,0,3.692340135574341,0.06459975242614746,16.52180496387403,3.2128,0.16911764705882354,0.8308823529411765,0.8308823529411765,0.0,4,0.3088235294117647,0.0,136,"C1,C2,C3,C4,C5,C6,O10,O12,C13,C17,N21,C22,O23,C24,C27","C30,C33,C36,C37,C38,C40,C44",,,14,6,,,,,ok,C:\Users\Lenovo\Desktop\small_molecule_design\2_RFD3\4DY_output\all\CIF\4DY_4DY_partial_7_model_0.cif,944,22,15,0.9333,7,0.8571,12,17,LEU29;LEU33;THR37;ASN40;LEU44;VAL52;ILE55;ALA104;GLN107;ARG109;ALA110;LEU113,LEU29;LEU33;ALA36;THR37;ASN40;LEU43;LEU44;GLN48;VAL52;ILE55;GLN98;THR103;ALA104;GLN107;ARG109;ALA110;LEU113,0,0,Good_pocket,27.1878,7
20,C:\Users\Lenovo\Desktop\small_molecule_design\2_RFD3\4DY_output\all\JSON\4DY_4DY_partial_7_model_7.json,4DY_4DY_partial_7_model_7.json,4DY_4DY_partial_7,4DY_partial,4DY_4DY_partial,4DY,/home/a/rf_diffusion_test/small_molecule_design/4DY.pdb,27.5888,True,Good,High_priority_visual_check,0,0,0,0,0,0,3.5731470584869385,0.03829646110534668,13.796255335576216,2.6828,0.3235294117647059,0.6764705882352942,0.4632352941176471,0.21323529411764705,8,0.21323529411764705,0.03676470588235294,136,"C1,C2,C3,C4,C5,C6,O10,O12,C13,C17,N21,C22,O23,C24,C27","C30,C33,C36,C37,C38,C40,C44",,,13,3,,,,,ok,C:\Users\Lenovo\Desktop\small_molecule_design\2_RFD3\4DY_output\all\CIF\4DY_4DY_partial_7_model_7.cif,968,22,15,0.8667,7,0.4286,11,20,ALA8;ALA39;ILE46;MET50;VAL64;SER66;THR67;PRO70;LEU86;ALA87;ALA107,VAL6;ALA8;THR9;ALA10;ALA39;LEU43;ILE46;MET50;VAL64;SER66;THR67;ALA69;PRO70;SER71;SER85;LEU86;ALA87;ALA105;ALA107;ASP108,0,0,Good_pocket,27.5888,8
25,C:\Users\Lenovo\Desktop\small_molecule_design\2_RFD3\4DY_output\all\JSON\4DY_4DY_partial_6_model_2.json,4DY_4DY_partial_6_model_2.json,4DY_4DY_partial_6,4DY_partial,4DY_4DY_partial,4DY,/home/a/rf_diffusion_test/small_molecule_design/4DY.pdb,30.7796,True,Good,High_priority_visual_check,0,0,0,0,0,0,3.395284652709961,0.04883313179016113,12.343808710810373,2.6333,0.2524271844660194,0.7475728155339805,0.3106796116504854,0.4368932038834951,9,0.30097087378640774,0.07766990291262135,103,"C1,C2,C3,C4,C5,C6,O10,O12,C13,C17,N21,C22,O23,C24,C27","C30,C33,C36,C37,C38,C40,C44",,,12,4,,,,,ok,C:\Users\Lenovo\Desktop\small_molecule_design\2_RFD3\4DY_output\all\CIF\4DY_4DY_partial_6_model_2.cif,677,22,15,0.8,7,0.5714,11,20,LEU26;ILE27;LEU30;ALA32;THR34;CYS36;GLN38;ALA48;THR49;ASP50;ALA54,ILE8;LEU26;ILE27;LEU30;PRO31;ALA32;GLY33;THR34;GLN35;CYS36;GLN38;ALA48;THR49;ASP50;ALA54;ALA72;ILE74;VAL86;LEU97;VAL99,0,0,Good_pocket,30.7796,9
29,C:\Users\Lenovo\Desktop\small_molecule_design\2_RFD3\4DY_output\all\JSON\4DY_4DY_partial_1_model_2.json,4DY_4DY_partial_1_model_2.json,4DY_4DY_partial_1,4DY_partial,4DY_4DY_partial,4DY,/home/a/rf_diffusion_test/small_molecule_design/4DY.pdb,31.4546,True,Good,High_priority_visual_check,0,0,0,0,0,0,3.5030107498168945,0.05056905746459961,13.538362827797512,2.6262,0.38686131386861317,0.6131386861313869,0.25547445255474455,0.35766423357664234,13,0.1897810218978102,0.0364963503649635,137,"C1,C2,C3,C4,C5,C6,O10,O12,C13,C17,N21,C22,O23,C24,C27","C30,C33,C36,C37,C38,C40,C44",,,14,5,,,,,ok,C:\Users\Lenovo\Desktop\small_molecule_design\2_RFD3\4DY_output\all\CIF\4DY_4DY_partial_1_model_2.cif,983,22,15,0.9333,7,0.7143,12,17,ASN33;THR54;LEU58;LEU64;TYR67;GLU68;LEU71;VAL93;ALA105;ALA106;VAL107;THR108,ASN33;PRO34;ALA35;THR54;LEU58;LEU64;TYR67;GLU68;LYS69;LEU71;CYS75;VAL93;ASN104;ALA105;ALA106;VAL107;THR108,0,0,Good_pocket,31.4546,10
32,C:\Users\Lenovo\Desktop\small_molecule_design\2_RFD3\4DY_output\all\JSON\4DY_4DY_partial_2_model_3.json,4DY_4DY_partial_2_model_3.json,4DY_4DY_partial_2,4DY_partial,4DY_4DY_partial,4DY,/home/a/rf_diffusion_test/small_molecule_design/4DY.pdb,32.4926,True,Good,High_priority_visual_check,0,0,0,0,0,0,3.5073776245117188,0.05878400802612305,13.613355356289318,2.7154,0.30158730158730157,0.6984126984126984,0.4603174603174603,0.23809523809523808,8,0.2777777777777778,0.031746031746031744,126,"C1,C2,C3,C4,C5,C6,O10,O12,C13,C17,N21,C22,O23,C24,C27","C30,C33,C36,C37,C38,C40,C44",,,14,4,,,,,ok,C:\Users\Lenovo\Desktop\small_molecule_design\2_RFD3\4DY_output\all\CIF\4DY_4DY_partial_2_model_3.cif,888,22,15,0.9333,7,0.5714,12,19,VAL7;LEU17;THR18;PHE19;TYR21;HIS34;MET56;LEU61;PHE64;ILE91;VAL95;LEU103,VAL7;ALA9;LEU17;THR18;PHE19;TYR21;HIS34;MET56;ILE59;LEU61;PHE64;ILE91;LEU94;VAL95;ALA98;VAL100;LEU103;VAL106;CYS108,0,0,Good_pocket,32.4926,11
35,C:\Users\Lenovo\Desktop\small_molecule_design\2_RFD3\4DY_output\all\JSON\4DY_4DY_partial_3_model_7.json,4DY_4DY_partial_3_model_7.json,4DY_4DY_partial_3,4DY_partial,4DY_4DY_partial,4DY,/home/a/rf_diffusion_test/small_molecule_design/4DY.pdb,33.1618,True,Good,High_priority_visual_check,0,0,0,0,0,0,3.130756139755249,0.043451547622680664,14.236741460699601,2.9713,0.4090909090909091,0.5909090909090909,0.5909090909090909,0.0,4,0.14545454545454545,0.0,110,"C1,C2,C3,C4,C5,C6,O10,O12,C13,C17,N21,C22,O23,C24,C27","C30,C33,C36,C37,C38,C40,C44",,,12,4,,,,,ok,C:\Users\Lenovo\Desktop\small_molecule_design\2_RFD3\4DY_output\all\CIF\4DY_4DY_partial_3_model_7.cif,857,22,15,0.8,7,0.5714,9,13,ALA24;LEU27;VAL29;ASP30;LEU33;VAL34;TYR79;ASN80;VAL86,ALA24;PHE25;LEU27;PRO28;VAL29;ASP30;LEU33;VAL34;TYR37;ALA76;TYR79;ASN80;VAL86,0,0,Good_pocket,33.1618,12
37,C:\Users\Lenovo\Desktop\small_molecule_design\2_RFD3\4DY_output\all\JSON\4DY_4DY_partial_1_model_7.json,4DY_4DY_partial_1_model_7.json,4DY_4DY_partial_1,4DY_partial,4DY_4DY_partial,4DY,/home/a/rf_diffusion_test/small_molecule_design/4DY.pdb,33.8404,True,Good,High_priority_visual_check,0,0,0,0,0,0,3.182692527770996,0.04097247123718262,13.68712433580346,2.655,0.39416058394160586,0.6058394160583942,0.291970802919708,0.31386861313868614,9,0.21897810218978103,0.029197080291970802,137,"C1,C2,C3,C4,C5,C6,O10,O12,C13,C17,N21,C22,O23,C24,C27","C30,C33,C36,C37,C38,C40,C44",,,14,3,,,,,ok,C:\Users\Lenovo\Desktop\small_molecule_design\2_RFD3\4DY_output\all\CIF\4DY_4DY_partial_1_model_7.cif,986,22,15,0.9333,7,0.4286,9,18,ARG42;LEU53;THR68;HIS72;ALA74;HIS75;LEU78;TYR96;ILE112,THR4;ILE40;ARG42;ALA44;LEU53;ALA55;ALA57;THR68;THR70;HIS72;THR73;ALA74;HIS75;LEU78;LEU89;TYR96;SER110;ILE112,0,0,Good_pocket,33.8404,13
43,C:\Users\Lenovo\Desktop\small_molecule_design\2_RFD3\4DY_output\all\JSON\4DY_4DY_partial_0_model_0.json,4DY_4DY_partial_0_model_0.json,4DY_4DY_partial_0,4DY_partial,4DY_4DY_partial,4DY,/home/a/rf_diffusion_test/small_molecule_design/4DY.pdb,35.1593,True,Good,High_priority_visual_check,0,0,0,0,0,0,3.597775459289551,0.04925942420959473,13.139085058478871,2.5613,0.34074074074074073,0.6592592592592592,0.4666666666666667,0.1925925925925926,10,0.2740740740740741,0.07407407407407407,135,"C1,C2,C3,C4,C5,C6,O10,O12,C13,C17,N21,C22,O23,C24,C27","C30,C33,C36,C37,C38,C40,C44",,,14,5,,,,,ok,C:\Users\Lenovo\Desktop\small_molecule_design\2_RFD3\4DY_output\all\CIF\4DY_4DY_partial_0_model_0.cif,929,22,15,0.9333,7,0.7143,12,18,GLY7;SER10;GLY11;ILE12;GLY13;ASP31;ILE32;ALA79;GLY80;ARG87;ARG107;ALA115,GLY7;SER9;SER10;GLY11;ILE12;GLY13;ASP31;ILE32;VAL54;VAL78;ALA79;GLY80;THR81;GLN84;ARG87;ARG107;ALA115;THR116,0,0,Good_pocket,35.1593,14
44,C:\Users\Lenovo\Desktop\small_molecule_design\2_RFD3\4DY_output\all\JSON\4DY_4DY_partial_4_model_7.json,4DY_4DY_partial_4_model_7.json,4DY_4DY_partial_4,4DY_partial,4DY_4DY_partial,4DY,/home/a/rf_diffusion_test/small_molecule_design/4DY.pdb,35.6537,True,Good,High_priority_visual_check,0,0,0,0,0,0,3.0165865421295166,0.05185198783874512,13.895280686894216,2.6269,0.4391891891891892,0.5608108108108109,0.04054054054054054,0.5202702702702703,12,0.19594594594594594,0.060810810810810814,148,"C1,C2,C3,C4,C5,C6,O10,O12,C13,C17,N21,C22,O23,C24,C27","C30,C33,C36,C37,C38,C40,C44",,,12,6,,,,,ok,C:\Users\Lenovo\Desktop\small_molecule_design\2_RFD3\4DY_output\all\CIF\4DY_4DY_partial_4_model_7.cif,1008,22,15,0.8,7,0.8571,12,17,ASP40;THR41;SER42;GLY43;ALA91;HIS93;ASN114;VAL116;GLN118;TYR131;VAL133;LYS138,LEU38;ASP40;THR41;SER42;GLY43;LEU90;ALA91;HIS93;VAL95;ASN99;ASN110;ASN114;VAL116;GLN118;TYR131;VAL133;LYS138,0,0,Good_pocket,37.7837,15
51,C:\Users\Lenovo\Desktop\small_molecule_design\2_RFD3\4DY_output\all\JSON\4DY_4DY_partial_5_model_5.json,4DY_4DY_partial_5_model_5.json,4DY_4DY_partial_5,4DY_partial,4DY_4DY_partial,4DY,/home/a/rf_diffusion_test/small_molecule_design/4DY.pdb,38.0284,True,Acceptable,High_priority_visual_check,0,0,0,0,0,0,3.691338300704956,0.061832427978515625,14.31006350629765,2.7625,0.4676258992805755,0.5323741007194245,0.3237410071942446,0.20863309352517986,8,0.1079136690647482,0.050359712230215826,139,"C1,C2,C3,C4,C5,C6,O10,O12,C13,C17,N21,C22,O23,C24,C27","C30,C33,C36,C37,C38,C40,C44",,,15,2,,,,,ok,C:\Users\Lenovo\Desktop\small_molecule_design\2_RFD3\4DY_output\all\CIF\4DY_4DY_partial_5_model_5.cif,1049,22,15,1.0,7,0.2857,12,19,GLU17;PHE20;LEU60;ALA61;LEU63;ILE72;TYR80;VAL97;ARG101;ASN113;ILE115;PHE131,HIS16;GLU17;PHE20;TYR33;PHE47;ALA57;LEU60;ALA61;LEU63;THR64;ILE72;TYR80;VAL82;SER85;VAL97;ARG101;ASN113;ILE115;PHE131,0,0,Good_pocket,38.0284,16
52,C:\Users\Lenovo\Desktop\small_molecule_design\2_RFD3\4DY_output\all\JSON\4DY_4DY_partial_4_model_0.json,4DY_4DY_partial_4_model_0.json,4DY_4DY_partial_4,4DY_partial,4DY_4DY_partial,4DY,/home/a/rf_diffusion_test/small_molecule_design/4DY.pdb,38.1545,True,Acceptable,High_priority_visual_check,0,0,0,0,0,0,3.481539487838745,0.08571648597717285,14.584486443751587,2.7572,0.46621621621621623,0.5337837837837838,0.2905405405405405,0.24324324324324326,9,0.16216216216216217,0.06756756756756757,148,"C1,C2,C3,C4,C5,C6,O10,O12,C13,C17,N21,C22,O23,C24,C27","C30,C33,C36,C37,C38,C40,C44",,,12,3,,,,,ok,C:\Users\Lenovo\Desktop\small_molecule_design\2_RFD3\4DY_output\all\CIF\4DY_4DY_partial_4_model_0.cif,1066,22,15,0.8,7,0.4286,11,19,VAL22;PHE23;LEU70;VAL72;ARG77;ASN78;GLY82;PRO112;ALA117;LEU121;TYR139,VAL22;PHE23;LEU70;ALA71;VAL72;ARG77;ASN78;GLN79;GLY80;ILE81;GLY82;SER83;PRO112;ALA114;ASN115;ALA117;ALA118;LEU121;TYR139,0,0,Good_pocket,38.1545,17
40,C:\Users\Lenovo\Desktop\small_molecule_design\2_RFD3\4DY_output\all\JSON\4DY_4DY_partial_8_model_2.json,4DY_4DY_partial_8_model_2.json,4DY_4DY_partial_8,4DY_partial,4DY_4DY_partial,4DY,/home/a/rf_diffusion_test/small_molecule_design/4DY.pdb,34.61,True,Good,High_priority_visual_check,0,0,0,0,0,0,3.498906373977661,0.05801820755004883,13.958174167677194,2.7277,0.4253731343283582,0.5746268656716418,0.29850746268656714,0.27611940298507465,9,0.07462686567164178,0.09701492537313433,134,"C1,C2,C3,C4,C5,C6,O10,O12,C13,C17,N21,C22,O23,C24,C27","C30,C33,C36,C37,C38,C40,C44",,,14,1,,,,,ok,C:\Users\Lenovo\Desktop\small_molecule_design\2_RFD3\4DY_output\all\CIF\4DY_4DY_partial_8_model_2.cif,1005,22,15,0.9333,7,0.1429,8,16,LEU27;ALA28;VAL30;TYR33;ASN51;ILE63;GLY65;LEU66,TYR21;LEU27;ALA28;ASP29;VAL30;TYR33;ASN51;ALA53;ILE63;ILE64;GLY65;LEU66;ALA99;LYS101;ILE128;GLU130,0,0,Good_pocket,43.175,18
65,C:\Users\Lenovo\Desktop\small_molecule_design\2_RFD3\4DY_output\all\JSON\4DY_4DY_partial_5_model_3.json,4DY_4DY_partial_5_model_3.json,4DY_4DY_partial_5,4DY_partial,4DY_4DY_partial,4DY,/home/a/rf_diffusion_test/small_molecule_design/4DY.pdb,43.685,True,Good,High_priority_visual_check,0,0,0,0,0,0,4.184998989105225,0.05195426940917969,13.615410390718399,2.6284,0.43884892086330934,0.5611510791366906,0.3597122302158273,0.2014388489208633,10,0.2805755395683453,0.06474820143884892,139,"C1,C2,C3,C4,C5,C6,O10,O12,C13,C17,N21,C22,O23,C24,C27","C30,C33,C36,C37,C38,C40,C44",,,13,5,,,,,ok,C:\Users\Lenovo\Desktop\small_molecule_design\2_RFD3\4DY_output\all\CIF\4DY_4DY_partial_5_model_3.cif,952,22,15,0.8667,7,0.7143,10,16,PHE35;PHE39;ALA42;ILE45;ALA68;LEU80;SER82;ASP84;VAL102;MET105,PHE35;PHE39;ALA42;ALA44;ILE45;ALA48;LEU55;ALA68;VAL69;ALA70;LEU80;SER82;ASP84;VAL102;MET105;VAL108,0,0,Good_pocket,43.685,19
61,C:\Users\Lenovo\Desktop\small_molecule_design\2_RFD3\4DY_output\all\JSON\4DY_4DY_partial_9_model_5.json,4DY_4DY_partial_9_model_5.json,4DY_4DY_partial_9,4DY_partial,4DY_4DY_partial,4DY,/home/a/rf_diffusion_test/small_molecule_design/4DY.pdb,41.798,True,Acceptable,High_priority_visual_check,0,0,0,0,0,0,3.523078680038452,0.05076289176940918,13.154269448473068,2.6379,0.5161290322580645,0.4838709677419355,0.20967741935483872,0.27419354838709675,8,0.08870967741935484,0.06451612903225806,124,"C1,C2,C3,C4,C5,C6,O10,O12,C13,C17,N21,C22,O23,C24,C27","C30,C33,C36,C37,C38,C40,C44",,,13,6,,,,,ok,C:\Users\Lenovo\Desktop\small_molecule_design\2_RFD3\4DY_output\all\CIF\4DY_4DY_partial_9_model_5.cif,928,22,15,0.8667,7,0.8571,11,17,PHE19;VAL52;LEU53;ILE56;GLU57;GLY83;TYR90;PHE92;ILE107;ARG111;LEU114,PHE19;PHE22;LEU24;VAL52;LEU53;ILE56;GLU57;VAL80;GLY82;GLY83;SER84;ALA86;TYR90;PHE92;ILE107;ARG111;LEU114,0,0,Good_pocket,43.928,20
68,C:\Users\Lenovo\Desktop\small_molecule_design\2_RFD3\4DY_output\all\JSON\4DY_4DY_partial_8_model_3.json,4DY_4DY_partial_8_model_3.json,4DY_4DY_partial_8,4DY_partial,4DY_4DY_partial,4DY,/home/a/rf_diffusion_test/small_molecule_design/4DY.pdb,46.1789,True,Acceptable,High_priority_visual_check,0,0,0,0,0,0,3.069037914276123,0.05072474479675293,13.57047724624209,2.6519,0.48507462686567165,0.5149253731343284,0.0,0.5149253731343284,9,0.26865671641791045,0.05223880597014925,134,"C1,C2,C3,C4,C5,C6,O10,O12,C13,C17,N21,C22,O23,C24,C27","C30,C33,C36,C37,C38,C40,C44",,,12,3,,,,,ok,C:\Users\Lenovo\Desktop\small_molecule_design\2_RFD3\4DY_output\all\CIF\4DY_4DY_partial_8_model_3.cif,888,22,15,0.8,7,0.4286,8,14,PHE30;ALA31;ALA32;GLU38;SER85;ALA93;ALA94;ALA95,PHE30;ALA31;ALA32;VAL33;GLU38;ALA70;GLN83;SER85;LEU90;ALA93;ALA94;ALA95;VAL130;ALA132,0,0,Good_pocket,46.1789,21
69,C:\Users\Lenovo\Desktop\small_molecule_design\2_RFD3\4DY_output\all\JSON\4DY_4DY_partial_5_model_1.json,4DY_4DY_partial_5_model_1.json,4DY_4DY_partial_5,4DY_partial,4DY_4DY_partial,4DY,/home/a/rf_diffusion_test/small_molecule_design/4DY.pdb,46.9484,True,Good,High_priority_visual_check,0,0,0,0,0,0,4.843820571899414,0.10490965843200684,14.562420308746614,2.8112,0.41007194244604317,0.5899280575539568,0.04316546762589928,0.5467625899280576,11,0.33093525179856115,0.07194244604316546,139,"C1,C2,C3,C4,C5,C6,O10,O12,C13,C17,N21,C22,O23,C24,C27","C30,C33,C36,C37,C38,C40,C44",,,13,2,,,,,ok,C:\Users\Lenovo\Desktop\small_molecule_design\2_RFD3\4DY_output\all\CIF\4DY_4DY_partial_5_model_1.cif,915,22,15,0.8667,7,0.2857,13,19,ILE18;ALA23;ILE26;TYR51;THR58;GLN64;GLN80;LEU82;LEU89;ILE111;ALA117;VAL119;LEU126,ILE18;ALA23;ILE26;TYR51;THR58;SER60;GLN64;GLN80;LEU82;SER88;LEU89;ALA91;VAL93;ILE111;ALA113;ALA117;VAL119;LEU126;ALA128,0,0,Good_pocket,46.9484,22
70,C:\Users\Lenovo\Desktop\small_molecule_design\2_RFD3\4DY_output\all\JSON\4DY_4DY_partial_5_model_6.json,4DY_4DY_partial_5_model_6.json,4DY_4DY_partial_5,4DY_partial,4DY_4DY_partial,4DY,/home/a/rf_diffusion_test/small_molecule_design/4DY.pdb,47.2124,True,Acceptable,High_priority_visual_check,0,0,0,0,0,0,4.495047092437744,0.05936932563781738,13.902469643814763,2.6838,0.5827338129496403,0.41726618705035967,0.06474820143884892,0.35251798561151076,8,0.16546762589928057,0.05755395683453238,139,"C1,C2,C3,C4,C5,C6,O10,O12,C13,C17,N21,C22,O23,C24,C27","C30,C33,C36,C37,C38,C40,C44",,,14,2,,,,,ok,C:\Users\Lenovo\Desktop\small_molecule_design\2_RFD3\4DY_output\all\CIF\4DY_4DY_partial_5_model_6.cif,970,22,15,0.9333,7,0.2857,12,21,PHE11;VAL42;VAL53;VAL55;ILE88;THR92;ASN108;ILE120;LEU121;ALA124;LEU125;LEU128,PHE11;LEU23;VAL42;ALA46;THR49;VAL51;VAL53;VAL55;TRP80;SER82;SER84;ALA85;ILE88;THR92;ASN108;LEU110;ILE120;LEU121;ALA124;LEU125;LEU128,0,0,Good_pocket,47.2124,23
62,C:\Users\Lenovo\Desktop\small_molecule_design\2_RFD3\4DY_output\all\JSON\4DY_4DY_partial_7_model_5.json,4DY_4DY_partial_7_model_5.json,4DY_4DY_partial_7,4DY_partial,4DY_4DY_partial,4DY,/home/a/rf_diffusion_test/small_molecule_design/4DY.pdb,41.8332,True,Acceptable,High_priority_visual_check,0,0,0,0,0,0,4.611262321472168,0.0656735897064209,13.482014675720972,2.6217,0.5147058823529411,0.4852941176470588,0.08823529411764706,0.39705882352941174,10,0.17647058823529413,0.09558823529411764,136,"C1,C2,C3,C4,C5,C6,O10,O12,C13,C17,N21,C22,O23,C24,C27","C30,C33,C36,C37,C38,C40,C44",,,12,3,,,,,ok,C:\Users\Lenovo\Desktop\small_molecule_design\2_RFD3\4DY_output\all\CIF\4DY_4DY_partial_7_model_5.cif,943,22,15,0.8,7,0.4286,8,11,VAL59;HIS61;LEU69;PHE70;VAL74;ALA94;HIS119;THR120,VAL59;HIS61;LEU69;PHE70;VAL74;ALA94;VAL117;THR118;HIS119;THR120;LEU127,0,0,Good_pocket,71.8332,24
48,C:\Users\Lenovo\Desktop\small_molecule_design\2_RFD3\4DY_output\all\JSON\4DY_4DY_partial_3_model_3.json,4DY_4DY_partial_3_model_3.json,4DY_4DY_partial_3,4DY_partial,4DY_4DY_partial,4DY,/home/a/rf_diffusion_test/small_molecule_design/4DY.pdb,36.2606,True,Good,High_priority_visual_check,0,0,0,0,0,0,4.275456428527832,0.062422990798950195,14.076677078386117,2.9379,0.44545454545454544,0.5545454545454546,0.5545454545454546,0.0,5,0.1,0.00909090909090909,110,"C1,C2,C3,C4,C5,C6,O10,O12,C13,C17,N21,C22,O23,C24,C27","C30,C33,C36,C37,C38,C40,C44",,,15,7,,,,,ok,C:\Users\Lenovo\Desktop\small_molecule_design\2_RFD3\4DY_output\all\CIF\4DY_4DY_partial_3_model_3.cif,899,22,15,1.0,7,1.0,13,16,GLU20;PHE21;TRP23;PRO24;PHE25;VAL29;MET34;TYR39;ASN82;HIS86;ASP87;VAL88;MET91,GLU20;PHE21;TRP23;PRO24;PHE25;VAL29;MET34;LEU36;TYR39;CYS78;TYR81;ASN82;HIS86;ASP87;VAL88;MET91,0,0,Warning_exposed_overburied,81.2606,25
14,C:\Users\Lenovo\Desktop\small_molecule_design\2_RFD3\4DY_output\all\JSON\4DY_4DY_partial_8_model_6.json,4DY_4DY_partial_8_model_6.json,4DY_4DY_partial_8,4DY_partial,4DY_4DY_partial,4DY,/home/a/rf_diffusion_test/small_molecule_design/4DY.pdb,25.5232,True,Good,High_priority_visual_check,0,0,0,0,0,0,4.107550144195557,0.05978059768676758,14.414864399704923,2.8169,0.291044776119403,0.7089552238805971,0.7089552238805971,0.0,5,0.21641791044776118,0.014925373134328358,134,"C1,C2,C3,C4,C5,C6,O10,O12,C13,C17,N21,C22,O23,C24,C27","C30,C33,C36,C37,C38,C40,C44",,,13,4,,,,,ok,C:\Users\Lenovo\Desktop\small_molecule_design\2_RFD3\4DY_output\all\CIF\4DY_4DY_partial_8_model_6.cif,975,22,15,0.8667,7,0.5714,9,10,ALA90;LEU97;SER101;PHE115;VAL118;GLU119;ILE122;GLN126;ARG129,ALA90;ALA93;LEU97;SER101;PHE115;VAL118;GLU119;ILE122;GLN126;ARG129,0,0,Good_pocket,85.5232,26
33,C:\Users\Lenovo\Desktop\small_molecule_design\2_RFD3\4DY_output\all\JSON\4DY_4DY_partial_3_model_6.json,4DY_4DY_partial_3_model_6.json,4DY_4DY_partial_3,4DY_partial,4DY_4DY_partial,4DY,/home/a/rf_diffusion_test/small_molecule_design/4DY.pdb,32.709,True,Good,High_priority_visual_check,0,0,0,0,0,0,3.3430399894714355,0.07089614868164062,14.108559070089921,2.9445,0.4,0.6,0.6,0.0,5,0.12727272727272726,0.0,110,"C1,C2,C3,C4,C5,C6,O10,O12,C13,C17,N21,C22,O23,C24,C27","C30,C33,C36,C37,C38,C40,C44",,,11,5,,,,,ok,C:\Users\Lenovo\Desktop\small_molecule_design\2_RFD3\4DY_output\all\CIF\4DY_4DY_partial_3_model_6.cif,896,22,15,0.7333,7,0.7143,11,20,TRP23;PRO24;PHE25;GLN27;VAL29;LEU34;CYS77;HIS85;ASP86;ILE87;MET90,TRP23;PRO24;PHE25;GLN26;GLN27;PRO28;VAL29;LEU34;CYS35;TYR38;ASP47;MET73;ASN76;CYS77;TYR80;ASN81;HIS85;ASP86;ILE87;MET90,0,0,Acceptable_manual_check,86.069,27
34,C:\Users\Lenovo\Desktop\small_molecule_design\2_RFD3\4DY_output\all\JSON\4DY_4DY_partial_0_model_8.json,4DY_4DY_partial_0_model_8.json,4DY_4DY_partial_0,4DY_partial,4DY_4DY_partial,4DY,/home/a/rf_diffusion_test/small_molecule_design/4DY.pdb,33.1057,True,Good,High_priority_visual_check,0,0,0,0,0,0,3.215137481689453,0.051306962966918945,13.30867790342581,2.5943,0.3333333333333333,0.6666666666666666,0.6666666666666666,0.0,7,0.25925925925925924,0.05185185185185185,135,"C1,C2,C3,C4,C5,C6,O10,O12,C13,C17,N21,C22,O23,C24,C27","C30,C33,C36,C37,C38,C40,C44",,,11,3,,,,,ok,C:\Users\Lenovo\Desktop\small_molecule_design\2_RFD3\4DY_output\all\CIF\4DY_4DY_partial_0_model_8.cif,946,22,15,0.7333,7,0.4286,11,14,THR28;TYR39;ALA58;LEU61;ALA62;SER65;PRO69;LEU80;SER81;ALA82;ALA85,ALA24;THR28;TYR39;ALA58;LEU61;ALA62;SER65;PRO69;LYS78;HIS79;LEU80;SER81;ALA82;ALA85,0,0,Acceptable_manual_check,86.4657,28
42,C:\Users\Lenovo\Desktop\small_molecule_design\2_RFD3\4DY_output\all\JSON\4DY_4DY_partial_5_model_2.json,4DY_4DY_partial_5_model_2.json,4DY_4DY_partial_5,4DY_partial,4DY_4DY_partial,4DY,/home/a/rf_diffusion_test/small_molecule_design/4DY.pdb,34.8132,True,Good,High_priority_visual_check,0,0,0,0,0,0,3.710221767425537,0.056856632232666016,13.594607017758342,2.6244,0.12949640287769784,0.8705035971223022,0.8705035971223022,0.0,6,0.43884892086330934,0.03597122302158273,139,"C1,C2,C3,C4,C5,C6,O10,O12,C13,C17,N21,C22,O23,C24,C27","C30,C33,C36,C37,C38,C40,C44",,,11,3,,,,,ok,C:\Users\Lenovo\Desktop\small_molecule_design\2_RFD3\4DY_output\all\CIF\4DY_4DY_partial_5_model_2.cif,916,22,15,0.7333,7,0.4286,10,18,PHE13;LEU16;LEU20;ALA62;ALA63;ALA74;ALA77;LEU78;LEU114;LEU115,PHE13;LEU16;VAL17;LEU20;ILE30;ILE34;ILE51;ALA55;ALA58;HIS59;ALA62;ALA63;ALA74;ALA77;LEU78;LEU114;LEU115;ALA127,0,0,Acceptable_manual_check,88.1732,29
22,C:\Users\Lenovo\Desktop\small_molecule_design\2_RFD3\4DY_output\all\JSON\4DY_4DY_partial_5_model_7.json,4DY_4DY_partial_5_model_7.json,4DY_4DY_partial_5,4DY_partial,4DY_4DY_partial,4DY,/home/a/rf_diffusion_test/small_molecule_design/4DY.pdb,28.1013,True,Good,High_priority_visual_check,0,0,0,0,0,0,3.688798189163208,0.07631564140319824,15.152895726947714,2.9252,0.1510791366906475,0.8489208633093526,0.8489208633093526,0.0,7,0.35251798561151076,0.04316546762589928,139,"C1,C2,C3,C4,C5,C6,O10,O12,C13,C17,N21,C22,O23,C24,C27","C30,C33,C36,C37,C38,C40,C44",,,11,1,,,,,ok,C:\Users\Lenovo\Desktop\small_molecule_design\2_RFD3\4DY_output\all\CIF\4DY_4DY_partial_5_model_7.cif,924,22,15,0.7333,7,0.1429,8,16,LEU41;ILE58;PHE63;ILE64;LEU78;GLY81;MET113;THR114,GLN34;VAL38;LEU41;ILE58;GLY59;PHE63;ILE64;LEU67;ALA77;LEU78;GLY81;ALA82;VAL110;MET113;THR114;VAL123,0,0,Acceptable_manual_check,90.0263,30
66,C:\Users\Lenovo\Desktop\small_molecule_design\2_RFD3\4DY_output\all\JSON\4DY_4DY_partial_0_model_1.json,4DY_4DY_partial_0_model_1.json,4DY_4DY_partial_0,4DY_partial,4DY_4DY_partial,4DY,/home/a/rf_diffusion_test/small_molecule_design/4DY.pdb,44.4477,True,Acceptable,High_priority_visual_check,0,0,0,0,0,0,3.335049629211426,0.05958294868469238,14.164127817992007,2.7611,0.5481481481481482,0.45185185185185184,0.1925925925925926,0.25925925925925924,8,0.15555555555555556,0.05185185185185185,135,"C1,C2,C3,C4,C5,C6,O10,O12,C13,C17,N21,C22,O23,C24,C27","C30,C33,C36,C37,C38,C40,C44",,,15,3,,,,,ok,C:\Users\Lenovo\Desktop\small_molecule_design\2_RFD3\4DY_output\all\CIF\4DY_4DY_partial_0_model_1.cif,986,22,15,1.0,7,0.4286,11,16,LEU55;ALA56;GLN57;LEU58;TYR59;LEU92;ALA93;ASN98;TYR105;PHE121;ARG122,PHE15;GLU54;LEU55;ALA56;GLN57;LEU58;TYR59;LEU92;ALA93;VAL94;ASN98;ALA101;TYR105;PHE121;ARG122;MET128,0,1,Good_pocket,94.4477,31
47,C:\Users\Lenovo\Desktop\small_molecule_design\2_RFD3\4DY_output\all\JSON\4DY_4DY_partial_2_model_6.json,4DY_4DY_partial_2_model_6.json,4DY_4DY_partial_2,4DY_partial,4DY_4DY_partial,4DY,/home/a/rf_diffusion_test/small_molecule_design/4DY.pdb,36.2578,True,Good,High_priority_visual_check,0,0,0,0,0,0,3.8002402782440186,0.0543513298034668,13.21780025325125,2.6365,0.3888888888888889,0.6111111111111112,0.4365079365079365,0.1746031746031746,8,0.24603174603174602,0.05555555555555555,126,"C1,C2,C3,C4,C5,C6,O10,O12,C13,C17,N21,C22,O23,C24,C27","C30,C33,C36,C37,C38,C40,C44",,,13,2,,,,,ok,C:\Users\Lenovo\Desktop\small_molecule_design\2_RFD3\4DY_output\all\CIF\4DY_4DY_partial_2_model_6.cif,885,22,15,0.8667,7,0.2857,8,10,VAL47;ALA50;ALA54;LEU56;VAL61;ILE63;ALA68;GLN70,VAL47;ALA50;ALA51;ALA54;LEU56;VAL61;ILE63;THR65;ALA68;GLN70,0,0,Good_pocket,96.2578,32
74,C:\Users\Lenovo\Desktop\small_molecule_design\2_RFD3\4DY_output\all\JSON\4DY_4DY_partial_2_model_4.json,4DY_4DY_partial_2_model_4.json,4DY_4DY_partial_2,4DY_partial,4DY_4DY_partial,4DY,/home/a/rf_diffusion_test/small_molecule_design/4DY.pdb,97.0181,True,Good,Medium_priority_visual_check,0,0,0,0,0,0,2.860853672027588,0.051013946533203125,13.219925663542444,2.637,0.20634920634920634,0.7936507936507936,0.7936507936507936,0.0,8,0.1984126984126984,0.031746031746031744,126,"C1,C2,C3,C4,C5,C6,O10,O12,C13,C17,N21,C22,O23,C24,C27","C30,C33,C36,C37,C38,C40,C44",,,12,3,,,,,ok,C:\Users\Lenovo\Desktop\small_molecule_design\2_RFD3\4DY_output\all\CIF\4DY_4DY_partial_2_model_4.cif,897,22,15,0.8,7,0.4286,9,12,ILE35;GLN38;LEU40;VAL43;LYS47;ASN70;VAL71;ALA72;ALA103,ILE35;GLN38;LEU40;VAL43;LEU44;LYS47;ASN70;VAL71;ALA72;ALA102;ALA103;LEU107,0,0,Good_pocket,97.0181,33
56,C:\Users\Lenovo\Desktop\small_molecule_design\2_RFD3\4DY_output\all\JSON\4DY_4DY_partial_3_model_4.json,4DY_4DY_partial_3_model_4.json,4DY_4DY_partial_3,4DY_partial,4DY_4DY_partial,4DY,/home/a/rf_diffusion_test/small_molecule_design/4DY.pdb,39.139,True,Good,High_priority_visual_check,0,0,0,0,0,0,3.8067591190338135,0.05935811996459961,12.84859395328205,2.6816,0.16363636363636364,0.8363636363636363,0.8363636363636363,0.0,5,0.45454545454545453,0.01818181818181818,110,"C1,C2,C3,C4,C5,C6,O10,O12,C13,C17,N21,C22,O23,C24,C27","C30,C33,C36,C37,C38,C40,C44",,,11,1,,,,,ok,C:\Users\Lenovo\Desktop\small_molecule_design\2_RFD3\4DY_output\all\CIF\4DY_4DY_partial_3_model_4.cif,715,22,15,0.7333,7,0.1429,10,16,ALA2;LEU6;LEU33;HIS34;VAL37;LEU51;LEU83;ALA87;THR88;PHE96,ALA2;LEU6;LEU33;HIS34;GLN36;VAL37;ALA40;LEU47;LEU51;LEU83;SER86;ALA87;THR88;ASP89;ALA92;PHE96,0,0,Acceptable_manual_check,101.064,34
18,C:\Users\Lenovo\Desktop\small_molecule_design\2_RFD3\4DY_output\all\JSON\4DY_4DY_partial_3_model_5.json,4DY_4DY_partial_3_model_5.json,4DY_4DY_partial_3,4DY_partial,4DY_4DY_partial,4DY,/home/a/rf_diffusion_test/small_molecule_design/4DY.pdb,26.6371,True,Good,High_priority_visual_check,0,0,0,0,0,0,3.429793119430542,0.0455327033996582,12.52861308832753,2.6148,0.32727272727272727,0.6727272727272727,0.4636363636363636,0.20909090909090908,8,0.19090909090909092,0.05454545454545454,110,"C1,C2,C3,C4,C5,C6,O10,O12,C13,C17,N21,C22,O23,C24,C27","C30,C33,C36,C37,C38,C40,C44",,,15,7,,,,,ok,C:\Users\Lenovo\Desktop\small_molecule_design\2_RFD3\4DY_output\all\CIF\4DY_4DY_partial_3_model_5.cif,803,22,15,1.0,7,1.0,9,11,ASP55;SER56;ALA57;ASP84;ILE85;GLN86;ASP91;PHE93;THR94,VAL54;ASP55;SER56;ALA57;ASP84;ILE85;GLN86;ASP91;PHE93;THR94;GLU97,0,0,Warning_exposed_overburied,101.6371,35
76,C:\Users\Lenovo\Desktop\small_molecule_design\2_RFD3\4DY_output\all\JSON\4DY_4DY_partial_7_model_8.json,4DY_4DY_partial_7_model_8.json,4DY_4DY_partial_7,4DY_partial,4DY_4DY_partial,4DY,/home/a/rf_diffusion_test/small_molecule_design/4DY.pdb,109.8901,True,Good,Medium_priority_visual_check,0,0,0,0,0,0,2.9062092304229736,0.04782986640930176,13.440994482471389,2.6137,0.36764705882352944,0.6323529411764706,0.3897058823529412,0.2426470588235294,11,0.16911764705882354,0.029411764705882353,136,"C1,C2,C3,C4,C5,C6,O10,O12,C13,C17,N21,C22,O23,C24,C27","C30,C33,C36,C37,C38,C40,C44",,,13,3,,,,,ok,C:\Users\Lenovo\Desktop\small_molecule_design\2_RFD3\4DY_output\all\CIF\4DY_4DY_partial_7_model_8.cif,981,22,15,0.8667,7,0.4286,12,13,LEU7;ASN14;SER16;VAL17;ILE20;LEU99;GLY100;THR101;VAL123;ASP124;SER125;VAL126,LEU7;VAL10;ASN14;SER16;VAL17;ILE20;LEU99;GLY100;THR101;VAL123;ASP124;SER125;VAL126,0,0,Good_pocket,109.8901,36
26,C:\Users\Lenovo\Desktop\small_molecule_design\2_RFD3\4DY_output\all\JSON\4DY_4DY_partial_6_model_7.json,4DY_4DY_partial_6_model_7.json,4DY_4DY_partial_6,4DY_partial,4DY_4DY_partial,4DY,/home/a/rf_diffusion_test/small_molecule_design/4DY.pdb,30.8824,True,Good,High_priority_visual_check,0,0,0,0,0,0,3.3165061473846436,0.059112548828125,13.38296663383645,2.855,0.3786407766990291,0.6213592233009708,0.6213592233009708,0.0,4,0.18446601941747573,0.009708737864077669,103,"C1,C2,C3,C4,C5,C6,O10,O12,C13,C17,N21,C22,O23,C24,C27","C30,C33,C36,C37,C38,C40,C44",,,13,0,,,,,ok,C:\Users\Lenovo\Desktop\small_molecule_design\2_RFD3\4DY_output\all\CIF\4DY_4DY_partial_6_model_7.cif,795,22,15,0.8667,7,0.0,12,13,PRO21;PHE22;GLU24;PRO25;VAL26;SER27;ILE30;TYR33;ALA71;TYR74;ASN75;VAL81,PRO21;PHE22;GLU24;PRO25;VAL26;SER27;ILE30;TYR33;ASN70;ALA71;TYR74;ASN75;VAL81,0,1,Warning_exposed_too_free,110.8824,37
39,C:\Users\Lenovo\Desktop\small_molecule_design\2_RFD3\4DY_output\all\JSON\4DY_4DY_partial_1_model_1.json,4DY_4DY_partial_1_model_1.json,4DY_4DY_partial_1,4DY_partial,4DY_4DY_partial,4DY,/home/a/rf_diffusion_test/small_molecule_design/4DY.pdb,34.5361,True,Good,High_priority_visual_check,0,0,0,0,0,0,3.2822306156158447,0.06674695014953613,14.841036971190617,2.8789,0.4233576642335766,0.5766423357664233,0.5766423357664233,0.0,6,0.17518248175182483,0.021897810218978103,137,"C1,C2,C3,C4,C5,C6,O10,O12,C13,C17,N21,C22,O23,C24,C27","C30,C33,C36,C37,C38,C40,C44",,,13,4,,,,,ok,C:\Users\Lenovo\Desktop\small_molecule_design\2_RFD3\4DY_output\all\CIF\4DY_4DY_partial_1_model_1.cif,1041,22,15,0.8667,7,0.5714,7,13,TRP39;PRO40;GLN43;PRO44;LEU50;LEU52;PHE108,ILE1;TRP39;PRO40;PHE41;GLN42;GLN43;PRO44;VAL45;LEU50;GLY51;LEU52;LEU102;PHE108,0,0,Acceptable_manual_check,114.5361,38
58,C:\Users\Lenovo\Desktop\small_molecule_design\2_RFD3\4DY_output\all\JSON\4DY_4DY_partial_4_model_1.json,4DY_4DY_partial_4_model_1.json,4DY_4DY_partial_4,4DY_partial,4DY_4DY_partial,4DY,/home/a/rf_diffusion_test/small_molecule_design/4DY.pdb,40.8253,True,Good,High_priority_visual_check,0,0,0,0,0,0,4.394287586212158,0.0690152645111084,13.83260989419192,2.6151,0.40540540540540543,0.5945945945945945,0.3108108108108108,0.28378378378378377,10,0.27702702702702703,0.013513513513513514,148,"C1,C2,C3,C4,C5,C6,O10,O12,C13,C17,N21,C22,O23,C24,C27","C30,C33,C36,C37,C38,C40,C44",,,13,1,,,,,ok,C:\Users\Lenovo\Desktop\small_molecule_design\2_RFD3\4DY_output\all\CIF\4DY_4DY_partial_4_model_1.cif,1027,22,15,0.8667,7,0.1429,7,13,ILE59;LEU60;ARG86;LEU88;ILE106;SER113;LYS136,VAL54;ILE59;LEU60;GLU75;ARG86;LEU88;PHE104;ILE106;ALA109;VAL111;SER113;LYS136;THR137,0,0,Acceptable_manual_check,129.3903,39
27,C:\Users\Lenovo\Desktop\small_molecule_design\2_RFD3\4DY_output\all\JSON\4DY_4DY_partial_4_model_3.json,4DY_4DY_partial_4_model_3.json,4DY_4DY_partial_4,4DY_partial,4DY_4DY_partial,4DY,/home/a/rf_diffusion_test/small_molecule_design/4DY.pdb,31.099,True,Good,High_priority_visual_check,0,0,0,0,0,0,3.6696815490722656,0.06936192512512207,16.20586057481069,3.0637,0.14864864864864866,0.8513513513513513,0.8243243243243243,0.02702702702702703,6,0.38513513513513514,0.006756756756756757,148,"C1,C2,C3,C4,C5,C6,O10,O12,C13,C17,N21,C22,O23,C24,C27","C30,C33,C36,C37,C38,C40,C44",,,11,7,,,,,ok,C:\Users\Lenovo\Desktop\small_molecule_design\2_RFD3\4DY_output\all\CIF\4DY_4DY_partial_4_model_3.cif,997,22,15,0.7333,7,1.0,11,19,ALA5;THR6;PRO7;ALA8;PRO9;ALA39;ALA61;LEU62;SER65;THR68;VAL69,ALA5;THR6;PRO7;ALA8;PRO9;VAL11;PHE13;ALA35;ALA36;ALA39;LEU43;LEU58;ALA61;LEU62;SER65;LEU66;THR68;VAL69;LEU72,0,0,Warning_exposed_overburied,129.459,40
50,C:\Users\Lenovo\Desktop\small_molecule_design\2_RFD3\4DY_output\all\JSON\4DY_4DY_partial_4_model_2.json,4DY_4DY_partial_4_model_2.json,4DY_4DY_partial_4,4DY_partial,4DY_4DY_partial,4DY,/home/a/rf_diffusion_test/small_molecule_design/4DY.pdb,37.8046,True,Acceptable,High_priority_visual_check,0,0,0,0,0,0,3.4732096195220947,0.05072832107543945,14.001750071006144,2.647,0.46621621621621623,0.5337837837837838,0.22972972972972974,0.30405405405405406,10,0.14864864864864866,0.07432432432432433,148,"C1,C2,C3,C4,C5,C6,O10,O12,C13,C17,N21,C22,O23,C24,C27","C30,C33,C36,C37,C38,C40,C44",,,10,5,,,,,ok,C:\Users\Lenovo\Desktop\small_molecule_design\2_RFD3\4DY_output\all\CIF\4DY_4DY_partial_4_model_2.cif,1067,22,15,0.6667,7,0.7143,10,16,SER55;GLY56;ASN57;TYR58;VAL78;ALA80;THR89;SER92;ALA96;LEU97,VAL30;SER55;GLY56;ASN57;TYR58;VAL78;ALA79;ALA80;ILE81;ALA82;THR89;SER92;ALA93;ALA96;LEU97;ALA100,0,0,Acceptable_manual_check,144.4446,41
54,C:\Users\Lenovo\Desktop\small_molecule_design\2_RFD3\4DY_output\all\JSON\4DY_4DY_partial_3_model_0.json,4DY_4DY_partial_3_model_0.json,4DY_4DY_partial_3,4DY_partial,4DY_4DY_partial,4DY,/home/a/rf_diffusion_test/small_molecule_design/4DY.pdb,38.4935,True,Good,High_priority_visual_check,0,0,0,0,0,0,3.0839405059814453,0.06753349304199219,12.85807018373248,2.6836,0.42727272727272725,0.5727272727272728,0.0,0.5727272727272728,9,0.23636363636363636,0.07272727272727272,110,"C1,C2,C3,C4,C5,C6,O10,O12,C13,C17,N21,C22,O23,C24,C27","C30,C33,C36,C37,C38,C40,C44",,,10,2,,,,,ok,C:\Users\Lenovo\Desktop\small_molecule_design\2_RFD3\4DY_output\all\CIF\4DY_4DY_partial_3_model_0.cif,733,22,15,0.6667,7,0.2857,12,13,ALA22;ILE23;GLY24;LEU26;THR56;THR58;VAL60;LEU91;VAL92;GLN93;ILE99;GLN101,ALA22;ILE23;GLY24;LEU26;THR56;THR58;VAL60;ASN62;LEU91;VAL92;GLN93;ILE99;GLN101,0,0,Acceptable_manual_check,145.1335,42
1,C:\Users\Lenovo\Desktop\small_molecule_design\2_RFD3\4DY_output\all\JSON\4DY_4DY_partial_4_model_9.json,4DY_4DY_partial_4_model_9.json,4DY_4DY_partial_4,4DY_partial,4DY_4DY_partial,4DY,/home/a/rf_diffusion_test/small_molecule_design/4DY.pdb,9.8403,True,Good,High_priority_visual_check,0,0,0,0,0,0,3.3055739402770996,0.0651099681854248,14.725262614098176,2.7838,0.11486486486486487,0.8851351351351351,0.8851351351351351,0.0,6,0.1891891891891892,0.013513513513513514,148,"C1,C2,C3,C4,C5,C6,O10,O12,C13,C17,N21,C22,O23,C24,C27","C30,C33,C36,C37,C38,C40,C44",,,13,3,,,,,ok,C:\Users\Lenovo\Desktop\small_molecule_design\2_RFD3\4DY_output\all\CIF\4DY_4DY_partial_4_model_9.cif,1071,22,15,0.8667,7,0.4286,7,10,SER47;ALA50;ASP54;MET62;GLN63;SER66;ILE67,SER46;SER47;ALA50;LEU51;ASP54;MET62;GLN63;ILE65;SER66;ILE67,0,0,Acceptable_manual_check,149.8403,43
72,C:\Users\Lenovo\Desktop\small_molecule_design\2_RFD3\4DY_output\all\JSON\4DY_4DY_partial_2_model_5.json,4DY_4DY_partial_2_model_5.json,4DY_4DY_partial_2,4DY_partial,4DY_4DY_partial,4DY,/home/a/rf_diffusion_test/small_molecule_design/4DY.pdb,48.0854,True,Acceptable,High_priority_visual_check,0,0,0,0,0,0,3.195791006088257,0.04663872718811035,13.784539343561413,2.7496,0.5952380952380952,0.40476190476190477,0.0,0.40476190476190477,8,0.19047619047619047,0.03968253968253968,126,"C1,C2,C3,C4,C5,C6,O10,O12,C13,C17,N21,C22,O23,C24,C27","C30,C33,C36,C37,C38,C40,C44",,,11,6,,,,,ok,C:\Users\Lenovo\Desktop\small_molecule_design\2_RFD3\4DY_output\all\CIF\4DY_4DY_partial_2_model_5.cif,874,22,15,0.7333,7,0.8571,11,20,VAL5;PHE7;ALA21;PHE23;LEU53;LEU77;LEU79;LEU85;TYR88;VAL90;VAL108,VAL5;PHE7;LEU19;ALA21;PHE23;LEU30;PHE37;LEU53;LEU77;LEU79;LEU85;ALA86;TYR88;ASP89;VAL90;VAL106;VAL108;LYS111;CYS119;VAL121,0,1,Acceptable_manual_check,153.5754,44
75,C:\Users\Lenovo\Desktop\small_molecule_design\2_RFD3\4DY_output\all\JSON\4DY_4DY_partial_3_model_8.json,4DY_4DY_partial_3_model_8.json,4DY_4DY_partial_3,4DY_partial,4DY_4DY_partial,4DY,/home/a/rf_diffusion_test/small_molecule_design/4DY.pdb,107.3072,True,Good,Medium_priority_visual_check,0,0,0,0,0,0,2.985914468765259,0.03980731964111328,14.10176811147971,2.9431,0.33636363636363636,0.6636363636363636,0.6181818181818182,0.045454545454545456,7,0.045454545454545456,0.01818181818181818,110,"C1,C2,C3,C4,C5,C6,O10,O12,C13,C17,N21,C22,O23,C24,C27","C30,C33,C36,C37,C38,C40,C44",,,14,4,,,,,ok,C:\Users\Lenovo\Desktop\small_molecule_design\2_RFD3\4DY_output\all\CIF\4DY_4DY_partial_3_model_8.cif,920,22,15,0.9333,7,0.5714,11,13,TRP28;PRO29;PHE30;GLN31;GLN32;PRO34;PRO35;MET38;TYR41;TYR83;ASN84,TRP28;PRO29;PHE30;GLN31;GLN32;PRO33;PRO34;PRO35;MET38;TYR41;TYR83;ASN84;ILE90,0,1,Good_pocket,157.3072,45
21,C:\Users\Lenovo\Desktop\small_molecule_design\2_RFD3\4DY_output\all\JSON\4DY_4DY_partial_8_model_4.json,4DY_4DY_partial_8_model_4.json,4DY_4DY_partial_8,4DY_partial,4DY_4DY_partial,4DY,/home/a/rf_diffusion_test/small_molecule_design/4DY.pdb,27.9702,True,Good,High_priority_visual_check,0,0,0,0,0,0,5.152973651885986,0.05074644088745117,14.269773784587034,2.7886,0.34328358208955223,0.6567164179104478,0.0,0.6567164179104478,14,0.13432835820895522,0.08208955223880597,134,"C1,C2,C3,C4,C5,C6,O10,O12,C13,C17,N21,C22,O23,C24,C27","C30,C33,C36,C37,C38,C40,C44",,,9,3,,,,,ok,C:\Users\Lenovo\Desktop\small_molecule_design\2_RFD3\4DY_output\all\CIF\4DY_4DY_partial_8_model_4.cif,923,22,15,0.6,7,0.4286,8,19,LEU15;MET28;ASN85;SER87;ALA89;LEU102;LEU129;VAL133,ILE13;LEU15;ILE26;MET28;LEU61;LEU68;ALA72;SER74;ASN85;SER87;ALA89;ILE100;LEU102;ALA104;SER106;LEU126;LEU129;VAL131;VAL133,0,0,Acceptable_manual_check,187.9702,46
28,C:\Users\Lenovo\Desktop\small_molecule_design\2_RFD3\4DY_output\all\JSON\4DY_4DY_partial_9_model_1.json,4DY_4DY_partial_9_model_1.json,4DY_4DY_partial_9,4DY_partial,4DY_4DY_partial,4DY,/home/a/rf_diffusion_test/small_molecule_design/4DY.pdb,31.431,True,Good,High_priority_visual_check,0,0,0,0,0,0,4.093213081359863,0.09471416473388672,14.117417717320066,2.8311,0.29838709677419356,0.7016129032258065,0.3548387096774194,0.3467741935483871,9,0.2661290322580645,0.008064516129032258,124,"C1,C2,C3,C4,C5,C6,O10,O12,C13,C17,N21,C22,O23,C24,C27","C30,C33,C36,C37,C38,C40,C44",,,9,3,,,,,ok,C:\Users\Lenovo\Desktop\small_molecule_design\2_RFD3\4DY_output\all\CIF\4DY_4DY_partial_9_model_1.cif,863,22,15,0.6,7,0.4286,10,18,SER7;THR9;PHE20;MET28;THR56;ASP77;LEU81;MET88;SER101;VAL121,SER7;THR9;LEU11;PHE20;ILE24;MET28;LEU32;THR56;ASP77;ILE80;LEU81;VAL84;ASP85;MET88;LEU98;SER101;LEU103;VAL121,0,0,Acceptable_manual_check,191.431,47
38,C:\Users\Lenovo\Desktop\small_molecule_design\2_RFD3\4DY_output\all\JSON\4DY_4DY_partial_9_model_0.json,4DY_4DY_partial_9_model_0.json,4DY_4DY_partial_9,4DY_partial,4DY_4DY_partial,4DY,/home/a/rf_diffusion_test/small_molecule_design/4DY.pdb,34.2764,True,Good,High_priority_visual_check,0,0,0,0,0,0,3.510862350463867,0.07279753684997559,14.747759474590838,2.9575,0.41935483870967744,0.5806451612903225,0.5483870967741935,0.03225806451612903,6,0.056451612903225805,0.03225806451612903,124,"C1,C2,C3,C4,C5,C6,O10,O12,C13,C17,N21,C22,O23,C24,C27","C30,C33,C36,C37,C38,C40,C44",,,9,4,,,,,ok,C:\Users\Lenovo\Desktop\small_molecule_design\2_RFD3\4DY_output\all\CIF\4DY_4DY_partial_9_model_0.cif,1003,22,15,0.6,7,0.5714,12,16,GLU34;GLU37;PRO38;PHE39;VAL43;TYR50;MET58;ASN88;CYS89;ASN93;ILE99;MET102,GLU34;GLU37;PRO38;PHE39;GLN41;VAL43;TYR50;MET58;ASP59;MET85;ASN88;CYS89;TYR92;ASN93;ILE99;MET102,0,0,Acceptable_manual_check,194.2764,48
23,C:\Users\Lenovo\Desktop\small_molecule_design\2_RFD3\4DY_output\all\JSON\4DY_4DY_partial_3_model_2.json,4DY_4DY_partial_3_model_2.json,4DY_4DY_partial_3,4DY_partial,4DY_4DY_partial,4DY,/home/a/rf_diffusion_test/small_molecule_design/4DY.pdb,28.3359,True,Good,High_priority_visual_check,0,0,0,0,0,0,3.681381940841675,0.06995749473571777,13.10373495925528,2.7348,0.34545454545454546,0.6545454545454545,0.6545454545454545,0.0,5,0.17272727272727273,0.02727272727272727,110,"C1,C2,C3,C4,C5,C6,O10,O12,C13,C17,N21,C22,O23,C24,C27","C30,C33,C36,C37,C38,C40,C44",,,10,3,,,,,ok,C:\Users\Lenovo\Desktop\small_molecule_design\2_RFD3\4DY_output\all\CIF\4DY_4DY_partial_3_model_2.cif,807,22,15,0.6667,7,0.4286,8,10,TRP34;PRO35;GLU38;PRO39;VAL40;PRO41;THR44;ILE90,TRP34;PRO35;GLU38;PRO39;VAL40;PRO41;THR44;PHE82;HIS88;ILE90,0,0,Acceptable_manual_check,194.9759,49
31,C:\Users\Lenovo\Desktop\small_molecule_design\2_RFD3\4DY_output\all\JSON\4DY_4DY_partial_9_model_2.json,4DY_4DY_partial_9_model_2.json,4DY_4DY_partial_9,4DY_partial,4DY_4DY_partial,4DY,/home/a/rf_diffusion_test/small_molecule_design/4DY.pdb,32.3115,True,Good,High_priority_visual_check,0,0,0,0,0,0,4.846072196960449,0.0537266731262207,13.316040155767293,2.6703,0.31451612903225806,0.6854838709677419,0.46774193548387094,0.21774193548387097,8,0.2661290322580645,0.008064516129032258,124,"C1,C2,C3,C4,C5,C6,O10,O12,C13,C17,N21,C22,O23,C24,C27","C30,C33,C36,C37,C38,C40,C44",,,9,1,,,,,ok,C:\Users\Lenovo\Desktop\small_molecule_design\2_RFD3\4DY_output\all\CIF\4DY_4DY_partial_9_model_2.cif,879,22,15,0.6,7,0.1429,10,13,ALA21;VAL34;LEU36;ASN39;PHE50;GLN51;ILE58;MET102;LEU108;MET116,ALA21;ALA23;VAL34;LEU36;ASN39;ALA42;PHE50;GLN51;MET54;ILE58;MET102;LEU108;MET116,0,0,Acceptable_manual_check,200.8765,50
46,C:\Users\Lenovo\Desktop\small_molecule_design\2_RFD3\4DY_output\all\JSON\4DY_4DY_partial_2_model_1.json,4DY_4DY_partial_2_model_1.json,4DY_4DY_partial_2,4DY_partial,4DY_4DY_partial,4DY,/home/a/rf_diffusion_test/small_molecule_design/4DY.pdb,35.9738,True,Good,High_priority_visual_check,0,0,0,0,0,0,3.949505567550659,0.0576939582824707,13.544106136250797,2.7016,0.40476190476190477,0.5952380952380952,0.35714285714285715,0.23809523809523808,9,0.23015873015873015,0.007936507936507936,126,"C1,C2,C3,C4,C5,C6,O10,O12,C13,C17,N21,C22,O23,C24,C27","C30,C33,C36,C37,C38,C40,C44",,,12,0,,,,,ok,C:\Users\Lenovo\Desktop\small_molecule_design\2_RFD3\4DY_output\all\CIF\4DY_4DY_partial_2_model_1.cif,902,22,15,0.8,7,0.0,7,9,LEU29;SER32;CYS39;LEU42;HIS85;LEU111;PRO113,MET1;LEU29;SER32;SER38;CYS39;LEU42;HIS85;LEU111;PRO113,0,0,Warning_exposed_too_free,235.9738,51
30,C:\Users\Lenovo\Desktop\small_molecule_design\2_RFD3\4DY_output\all\JSON\4DY_4DY_partial_1_model_9.json,4DY_4DY_partial_1_model_9.json,4DY_4DY_partial_1,4DY_partial,4DY_4DY_partial,4DY,/home/a/rf_diffusion_test/small_molecule_design/4DY.pdb,31.7423,True,Good,High_priority_visual_check,0,0,0,0,0,0,3.101346731185913,0.07934188842773438,13.645719304372172,2.647,0.38686131386861317,0.6131386861313869,0.43795620437956206,0.17518248175182483,9,0.19708029197080293,0.021897810218978103,137,"C1,C2,C3,C4,C5,C6,O10,O12,C13,C17,N21,C22,O23,C24,C27","C30,C33,C36,C37,C38,C40,C44",,,8,4,,,,,ok,C:\Users\Lenovo\Desktop\small_molecule_design\2_RFD3\4DY_output\all\CIF\4DY_4DY_partial_1_model_9.cif,980,22,15,0.5333,7,0.5714,9,14,GLN12;LEU16;ALA49;ALA51;GLU54;LEU56;ASN95;SER113;ALA114,CYS8;GLN12;LEU16;VAL17;ALA49;ALA51;GLU54;ILE55;LEU56;ASN95;THR96;LEU112;SER113;ALA114,0,0,Fail_low_buried_contact,245.1023,52
57,C:\Users\Lenovo\Desktop\small_molecule_design\2_RFD3\4DY_output\all\JSON\4DY_4DY_partial_6_model_9.json,4DY_4DY_partial_6_model_9.json,4DY_4DY_partial_6,4DY_partial,4DY_4DY_partial,4DY,/home/a/rf_diffusion_test/small_molecule_design/4DY.pdb,39.5928,True,Good,High_priority_visual_check,0,0,0,0,0,0,4.031381607055664,0.036947011947631836,12.398962417740664,2.6451,0.4368932038834951,0.5631067961165048,0.32038834951456313,0.24271844660194175,6,0.24271844660194175,0.07766990291262135,103,"C1,C2,C3,C4,C5,C6,O10,O12,C13,C17,N21,C22,O23,C24,C27","C30,C33,C36,C37,C38,C40,C44",,,11,2,,,,,ok,C:\Users\Lenovo\Desktop\small_molecule_design\2_RFD3\4DY_output\all\CIF\4DY_4DY_partial_6_model_9.cif,693,22,15,0.7333,7,0.2857,6,12,PHE56;SER58;ALA60;VAL67;HIS69;ARG79,GLY54;THR55;PHE56;SER58;SER59;ALA60;ASP61;GLN65;VAL67;HIS69;THR77;ARG79,0,0,Acceptable_manual_check,252.9528,53
45,C:\Users\Lenovo\Desktop\small_molecule_design\2_RFD3\4DY_output\all\JSON\4DY_4DY_partial_0_model_3.json,4DY_4DY_partial_0_model_3.json,4DY_4DY_partial_0,4DY_partial,4DY_4DY_partial,4DY,/home/a/rf_diffusion_test/small_molecule_design/4DY.pdb,35.9464,True,Good,High_priority_visual_check,0,0,0,0,0,0,3.153996229171753,0.053896427154541016,12.948659877451218,2.5241,0.34074074074074073,0.6592592592592592,0.4,0.25925925925925924,9,0.2814814814814815,0.08148148148148149,135,"C1,C2,C3,C4,C5,C6,O10,O12,C13,C17,N21,C22,O23,C24,C27","C30,C33,C36,C37,C38,C40,C44",,,13,6,,,,,ok,C:\Users\Lenovo\Desktop\small_molecule_design\2_RFD3\4DY_output\all\CIF\4DY_4DY_partial_0_model_3.cif,898,22,15,0.8667,7,0.8571,6,10,LEU47;PHE48;GLN65;LEU66;GLY69;HIS70,VAL22;VAL39;LEU47;PHE48;GLN65;LEU66;VAL67;ALA68;GLY69;HIS70,0,1,Acceptable_manual_check,308.0764,54
60,C:\Users\Lenovo\Desktop\small_molecule_design\2_RFD3\4DY_output\all\JSON\4DY_4DY_partial_0_model_4.json,4DY_4DY_partial_0_model_4.json,4DY_4DY_partial_0,4DY_partial,4DY_4DY_partial,4DY,/home/a/rf_diffusion_test/small_molecule_design/4DY.pdb,41.3622,True,Good,High_priority_visual_check,0,0,0,0,0,0,3.5619001388549805,0.04733157157897949,13.07352728212166,2.5485,0.4,0.6000000000000001,0.4,0.2,9,0.28888888888888886,0.1037037037037037,135,"C1,C2,C3,C4,C5,C6,O10,O12,C13,C17,N21,C22,O23,C24,C27","C30,C33,C36,C37,C38,C40,C44",,,8,0,,,,,ok,C:\Users\Lenovo\Desktop\small_molecule_design\2_RFD3\4DY_output\all\CIF\4DY_4DY_partial_0_model_4.cif,881,22,15,0.5333,7,0.0,8,11,VAL60;LEU68;ALA69;LEU72;THR86;ALA92;VAL94;LEU109,HIS39;VAL60;ASN65;LEU68;ALA69;LEU72;VAL84;THR86;ALA92;VAL94;LEU109,0,0,Fail_low_buried_contact,314.7222,55
53,C:\Users\Lenovo\Desktop\small_molecule_design\2_RFD3\4DY_output\all\JSON\4DY_4DY_partial_7_model_3.json,4DY_4DY_partial_7_model_3.json,4DY_4DY_partial_7,4DY_partial,4DY_4DY_partial,4DY,/home/a/rf_diffusion_test/small_molecule_design/4DY.pdb,38.2727,True,Good,High_priority_visual_check,0,0,0,0,0,0,3.4953203201293945,0.09197497367858887,13.18850130891619,2.5646,0.36764705882352944,0.6323529411764706,0.3897058823529412,0.2426470588235294,11,0.27941176470588236,0.08823529411764706,136,"C1,C2,C3,C4,C5,C6,O10,O12,C13,C17,N21,C22,O23,C24,C27","C30,C33,C36,C37,C38,C40,C44",,,8,3,,,,,ok,C:\Users\Lenovo\Desktop\small_molecule_design\2_RFD3\4DY_output\all\CIF\4DY_4DY_partial_7_model_3.cif,911,22,15,0.5333,7,0.4286,7,12,THR6;VAL8;ALA43;GLY44;GLY65;SER71;ALA126,THR6;PRO7;VAL8;ALA43;GLY44;GLU46;ALA47;ALA64;GLY65;SER71;ALA126;VAL128,0,0,Fail_low_buried_contact,331.6327,56
81,C:\Users\Lenovo\Desktop\small_molecule_design\2_RFD3\4DY_output\all\JSON\4DY_4DY_partial_7_model_4.json,4DY_4DY_partial_7_model_4.json,4DY_4DY_partial_7,4DY_partial,4DY_4DY_partial,4DY,/home/a/rf_diffusion_test/small_molecule_design/4DY.pdb,333.4968,True,Medium_sidechain_clash,Medium_priority_visual_check,0,0,0,0,1,0,3.7021567821502686,0.055559396743774414,14.152562796095655,2.752,0.4117647058823529,0.5882352941176471,0.0,0.5882352941176471,11,0.11029411764705882,0.08088235294117647,136,"C1,C2,C3,C4,C5,C6,O10,O12,C13,C17,N21,C22,O23,C24,C27","C30,C33,C36,C37,C38,C40,C44",,,14,2,,,,,ok,C:\Users\Lenovo\Desktop\small_molecule_design\2_RFD3\4DY_output\all\CIF\4DY_4DY_partial_7_model_4.cif,985,22,15,0.9333,7,0.2857,12,16,PHE14;ASN16;GLY17;VAL51;VAL68;ILE71;TYR76;VAL94;PHE100;ILE118;VAL125;LEU126,CYS13;PHE14;SER15;ASN16;GLY17;THR45;VAL51;VAL68;ILE71;GLU72;TYR76;VAL94;PHE100;ILE118;VAL125;LEU126,0,0,Good_pocket,333.4968,57
73,C:\Users\Lenovo\Desktop\small_molecule_design\2_RFD3\4DY_output\all\JSON\4DY_4DY_partial_4_model_8.json,4DY_4DY_partial_4_model_8.json,4DY_4DY_partial_4,4DY_partial,4DY_4DY_partial,4DY,/home/a/rf_diffusion_test/small_molecule_design/4DY.pdb,59.4229,True,Acceptable,High_priority_visual_check,0,0,0,0,0,0,3.315781593322754,0.050400495529174805,13.476466214956563,2.5477,0.581081081081081,0.41891891891891897,0.17567567567567569,0.24324324324324326,8,0.32432432432432434,0.14189189189189189,148,"C1,C2,C3,C4,C5,C6,O10,O12,C13,C17,N21,C22,O23,C24,C27","C30,C33,C36,C37,C38,C40,C44",,,7,1,,,,,ok,C:\Users\Lenovo\Desktop\small_molecule_design\2_RFD3\4DY_output\all\CIF\4DY_4DY_partial_4_model_8.cif,940,22,15,0.4667,7,0.1429,10,16,TYR17;GLY27;ALA28;ALA29;PHE65;SER67;GLY83;GLY84;LEU85;PHE119,TYR17;VAL26;GLY27;ALA28;ALA29;PHE50;PHE65;VAL66;SER67;ALA81;GLY83;GLY84;LEU85;THR114;PHE119;VAL120,0,0,Fail_low_buried_contact,334.6279,58
5,C:\Users\Lenovo\Desktop\small_molecule_design\2_RFD3\4DY_output\all\JSON\4DY_4DY_partial_5_model_0.json,4DY_4DY_partial_5_model_0.json,4DY_4DY_partial_5,4DY_partial,4DY_4DY_partial,4DY,/home/a/rf_diffusion_test/small_molecule_design/4DY.pdb,21.3834,True,Good,High_priority_visual_check,0,0,0,0,0,0,3.7627618312835693,0.06639766693115234,16.46951937214831,3.1794,0.08633093525179857,0.9136690647482014,0.9136690647482014,0.0,4,0.3381294964028777,0.02158273381294964,139,"C1,C2,C3,C4,C5,C6,O10,O12,C13,C17,N21,C22,O23,C24,C27","C30,C33,C36,C37,C38,C40,C44",,,9,2,,,,,ok,C:\Users\Lenovo\Desktop\small_molecule_design\2_RFD3\4DY_output\all\CIF\4DY_4DY_partial_5_model_0.cif,949,22,15,0.6,7,0.2857,7,9,LEU90;ILE94;LEU97;GLN98;GLN107;ALA111;LEU114,LEU90;SER91;ILE94;LEU97;GLN98;GLN107;ALA111;LEU114;VAL118,0,0,Acceptable_manual_check,351.3834,59
17,C:\Users\Lenovo\Desktop\small_molecule_design\2_RFD3\4DY_output\all\JSON\4DY_4DY_partial_9_model_4.json,4DY_4DY_partial_9_model_4.json,4DY_4DY_partial_9,4DY_partial,4DY_4DY_partial,4DY,/home/a/rf_diffusion_test/small_molecule_design/4DY.pdb,26.4104,True,Good,High_priority_visual_check,0,0,0,0,0,0,3.6624162197113037,0.06039905548095703,15.562250627523953,3.1208,0.3225806451612903,0.6774193548387096,0.6774193548387096,0.0,5,0.13709677419354838,0.008064516129032258,124,"C1,C2,C3,C4,C5,C6,O10,O12,C13,C17,N21,C22,O23,C24,C27","C30,C33,C36,C37,C38,C40,C44",,,6,1,,,,,ok,C:\Users\Lenovo\Desktop\small_molecule_design\2_RFD3\4DY_output\all\CIF\4DY_4DY_partial_9_model_4.cif,961,22,15,0.4,7,0.1429,9,12,PRO29;VAL34;ASP35;LEU38;PHE43;LEU89;CYS90;LEU93;ILE100,TRP28;PRO29;VAL34;ASP35;LEU38;LEU39;PHE43;LEU89;CYS90;LEU93;LEU94;ILE100,0,0,Fail_low_buried_contact,354.9754,60
59,C:\Users\Lenovo\Desktop\small_molecule_design\2_RFD3\4DY_output\all\JSON\4DY_4DY_partial_1_model_3.json,4DY_4DY_partial_1_model_3.json,4DY_4DY_partial_1,4DY_partial,4DY_4DY_partial,4DY,/home/a/rf_diffusion_test/small_molecule_design/4DY.pdb,40.8351,True,Good,High_priority_visual_check,0,0,0,0,0,0,4.255602836608887,0.054309844970703125,13.402775146002018,2.5999,0.34306569343065696,0.656934306569343,0.32116788321167883,0.3357664233576642,10,0.3284671532846715,0.0364963503649635,137,"C1,C2,C3,C4,C5,C6,O10,O12,C13,C17,N21,C22,O23,C24,C27","C30,C33,C36,C37,C38,C40,C44",,,9,1,,,,,ok,C:\Users\Lenovo\Desktop\small_molecule_design\2_RFD3\4DY_output\all\CIF\4DY_4DY_partial_1_model_3.cif,934,22,15,0.6,7,0.1429,6,17,LEU27;VAL28;ALA52;LEU55;PHE63;ASP96,GLY26;LEU27;VAL28;ALA52;LEU55;PHE56;ALA59;ALA62;PHE63;ALA66;VAL67;LEU94;ASP96;ALA97;ASN100;GLN101;ALA102,0,0,Acceptable_manual_check,369.4001,61
7,C:\Users\Lenovo\Desktop\small_molecule_design\2_RFD3\4DY_output\all\JSON\4DY_4DY_partial_6_model_4.json,4DY_4DY_partial_6_model_4.json,4DY_4DY_partial_6,4DY_partial,4DY_4DY_partial,4DY,/home/a/rf_diffusion_test/small_molecule_design/4DY.pdb,21.7541,True,Good,High_priority_visual_check,0,0,0,0,0,0,3.639737367630005,0.058901309967041016,13.680050703667254,2.9184,0.1262135922330097,0.8737864077669902,0.8737864077669902,0.0,4,0.3106796116504854,0.0,103,"C1,C2,C3,C4,C5,C6,O10,O12,C13,C17,N21,C22,O23,C24,C27","C30,C33,C36,C37,C38,C40,C44",,,6,1,,,,,ok,C:\Users\Lenovo\Desktop\small_molecule_design\2_RFD3\4DY_output\all\CIF\4DY_4DY_partial_6_model_4.cif,735,22,15,0.4,7,0.1429,9,11,ALA21;VAL24;ALA25;ALA79;LEU82;ALA86;LEU89;ASN90;GLN93,ALA21;VAL24;ALA25;VAL27;ALA79;LEU82;ALA83;ALA86;LEU89;ASN90;GLN93,0,0,Fail_low_buried_contact,380.3191,62
64,C:\Users\Lenovo\Desktop\small_molecule_design\2_RFD3\4DY_output\all\JSON\4DY_4DY_partial_6_model_8.json,4DY_4DY_partial_6_model_8.json,4DY_4DY_partial_6,4DY_partial,4DY_4DY_partial,4DY,/home/a/rf_diffusion_test/small_molecule_design/4DY.pdb,43.4529,True,Good,High_priority_visual_check,0,0,0,0,0,0,3.4516422748565674,0.07344889640808105,12.760538104262533,2.7222,0.3592233009708738,0.6407766990291262,0.3592233009708738,0.2815533980582524,7,0.33980582524271846,0.04854368932038835,103,"C1,C2,C3,C4,C5,C6,O10,O12,C13,C17,N21,C22,O23,C24,C27","C30,C33,C36,C37,C38,C40,C44",,,7,3,,,,,ok,C:\Users\Lenovo\Desktop\small_molecule_design\2_RFD3\4DY_output\all\CIF\4DY_4DY_partial_6_model_8.cif,694,22,15,0.4667,7,0.4286,7,13,GLN32;VAL34;ALA82;GLU84;MET86;GLY91;VAL97,GLN4;GLN32;VAL34;SER80;ALA82;GLU84;MET86;ALA90;GLY91;GLY92;SER94;VAL97;SER99,0,0,Fail_low_buried_contact,390.0929,63
13,C:\Users\Lenovo\Desktop\small_molecule_design\2_RFD3\4DY_output\all\JSON\4DY_4DY_partial_1_model_0.json,4DY_4DY_partial_1_model_0.json,4DY_4DY_partial_1,4DY_partial,4DY_4DY_partial,4DY,/home/a/rf_diffusion_test/small_molecule_design/4DY.pdb,25.402,True,Good,High_priority_visual_check,0,0,0,0,0,0,4.120270252227783,0.0438535213470459,13.903650432121504,2.697,0.23357664233576642,0.7664233576642335,0.7664233576642335,0.0,6,0.26277372262773724,0.0364963503649635,137,"C1,C2,C3,C4,C5,C6,O10,O12,C13,C17,N21,C22,O23,C24,C27","C30,C33,C36,C37,C38,C40,C44",,,6,2,,,,,ok,C:\Users\Lenovo\Desktop\small_molecule_design\2_RFD3\4DY_output\all\CIF\4DY_4DY_partial_1_model_0.cif,961,22,15,0.4,7,0.2857,7,13,ALA26;SER30;ASN67;ASP73;SER113;LEU114;THR117,ALA22;LEU23;ALA26;SER30;HIS62;ASN66;ASN67;ASP73;SER112;SER113;LEU114;VAL115;THR117,0,0,Fail_low_buried_contact,425.402,64
78,C:\Users\Lenovo\Desktop\small_molecule_design\2_RFD3\4DY_output\all\JSON\4DY_4DY_partial_8_model_0.json,4DY_4DY_partial_8_model_0.json,4DY_4DY_partial_8,4DY_partial,4DY_4DY_partial,4DY,/home/a/rf_diffusion_test/small_molecule_design/4DY.pdb,323.5615,True,Medium_sidechain_clash,Medium_priority_visual_check,0,0,0,0,1,0,3.5935778617858887,0.05764627456665039,13.531718925375936,2.6443,0.27611940298507465,0.7238805970149254,0.6865671641791045,0.03731343283582089,8,0.208955223880597,0.05223880597014925,134,"C1,C2,C3,C4,C5,C6,O10,O12,C13,C17,N21,C22,O23,C24,C27","C30,C33,C36,C37,C38,C40,C44",,,10,3,,,,,ok,C:\Users\Lenovo\Desktop\small_molecule_design\2_RFD3\4DY_output\all\CIF\4DY_4DY_partial_8_model_0.cif,941,22,15,0.6667,7,0.4286,11,17,ALA1;THR31;PRO33;LEU36;LEU37;SER40;ILE102;GLU105;VAL106;THR117;ILE121,ALA1;THR31;SER32;PRO33;LEU36;LEU37;SER40;VAL65;ILE102;VAL103;GLU105;VAL106;LEU109;ILE114;THR117;LEU118;ILE121,0,0,Acceptable_manual_check,430.2015,65
80,C:\Users\Lenovo\Desktop\small_molecule_design\2_RFD3\4DY_output\all\JSON\4DY_4DY_partial_9_model_6.json,4DY_4DY_partial_9_model_6.json,4DY_4DY_partial_9,4DY_partial,4DY_4DY_partial,4DY,/home/a/rf_diffusion_test/small_molecule_design/4DY.pdb,332.3,True,Medium_sidechain_clash,Medium_priority_visual_check,0,0,0,0,1,0,4.5365376472473145,0.0687100887298584,15.153649507638839,3.0389,0.3951612903225806,0.6048387096774194,0.6048387096774194,0.0,4,0.14516129032258066,0.008064516129032258,124,"C1,C2,C3,C4,C5,C6,O10,O12,C13,C17,N21,C22,O23,C24,C27","C30,C33,C36,C37,C38,C40,C44",,,10,1,,,,,ok,C:\Users\Lenovo\Desktop\small_molecule_design\2_RFD3\4DY_output\all\CIF\4DY_4DY_partial_9_model_6.cif,971,22,15,0.6667,7,0.1429,10,14,GLN27;PRO31;VAL36;LEU41;LEU43;LEU45;TYR48;TYR90;ASN91;VAL97,GLN27;PRO31;PHE32;VAL36;LEU41;LEU43;LEU45;TYR48;ASN86;CYS87;TYR90;ASN91;VAL97;MET100,0,0,Acceptable_manual_check,447.505,66
86,C:\Users\Lenovo\Desktop\small_molecule_design\2_RFD3\4DY_output\all\JSON\4DY_4DY_partial_5_model_9.json,4DY_4DY_partial_5_model_9.json,4DY_4DY_partial_5,4DY_partial,4DY_4DY_partial,4DY,/home/a/rf_diffusion_test/small_molecule_design/4DY.pdb,354.8433,True,Medium_sidechain_clash,Medium_priority_visual_check,0,0,0,0,1,0,3.070795774459839,0.06993722915649414,13.852637256754187,2.6742,0.6546762589928058,0.34532374100719426,0.0,0.34532374100719426,7,0.2158273381294964,0.03597122302158273,139,"C1,C2,C3,C4,C5,C6,O10,O12,C13,C17,N21,C22,O23,C24,C27","C30,C33,C36,C37,C38,C40,C44",,,10,3,,,,,ok,C:\Users\Lenovo\Desktop\small_molecule_design\2_RFD3\4DY_output\all\CIF\4DY_4DY_partial_5_model_9.cif,972,22,15,0.6667,7,0.4286,9,12,ASN26;LEU27;ALA28;THR57;ARG58;SER120;LEU122;TRP129;LEU131,ALA24;ASN26;LEU27;ALA28;THR57;ARG58;LEU61;SER120;LEU122;TRP129;LEU131;ASP135,0,0,Acceptable_manual_check,461.4833,67
82,C:\Users\Lenovo\Desktop\small_molecule_design\2_RFD3\4DY_output\all\JSON\4DY_4DY_partial_6_model_3.json,4DY_4DY_partial_6_model_3.json,4DY_4DY_partial_6,4DY_partial,4DY_4DY_partial,4DY,/home/a/rf_diffusion_test/small_molecule_design/4DY.pdb,333.8182,True,Medium_sidechain_clash,Medium_priority_visual_check,0,0,0,0,1,0,3.4079360961914062,0.04201912879943848,12.979070123191239,2.7688,0.4174757281553398,0.5825242718446602,0.5825242718446602,0.0,4,0.1650485436893204,0.009708737864077669,103,"C1,C2,C3,C4,C5,C6,O10,O12,C13,C17,N21,C22,O23,C24,C27","C30,C33,C36,C37,C38,C40,C44",,,10,0,,,,,ok,C:\Users\Lenovo\Desktop\small_molecule_design\2_RFD3\4DY_output\all\CIF\4DY_4DY_partial_6_model_3.cif,773,22,15,0.6667,7,0.0,8,13,PRO28;LYS31;THR33;MET43;ASN71;CYS72;PHE75;ILE83,TRP27;PRO28;PHE29;LYS31;PRO32;THR33;ILE39;MET43;ILE68;ASN71;CYS72;PHE75;ILE83,0,0,Warning_exposed_too_free,470.4582,68
77,C:\Users\Lenovo\Desktop\small_molecule_design\2_RFD3\4DY_output\all\JSON\4DY_4DY_partial_6_model_1.json,4DY_4DY_partial_6_model_1.json,4DY_4DY_partial_6,4DY_partial,4DY_4DY_partial,4DY,/home/a/rf_diffusion_test/small_molecule_design/4DY.pdb,111.7378,True,Good,Medium_priority_visual_check,0,0,0,0,0,0,2.9872615337371826,0.06698846817016602,13.501775851472157,2.8803,0.3883495145631068,0.6116504854368932,0.6116504854368932,0.0,5,0.07766990291262135,0.02912621359223301,103,"C1,C2,C3,C4,C5,C6,O10,O12,C13,C17,N21,C22,O23,C24,C27","C30,C33,C36,C37,C38,C40,C44",,,8,2,,,,,ok,C:\Users\Lenovo\Desktop\small_molecule_design\2_RFD3\4DY_output\all\CIF\4DY_4DY_partial_6_model_1.cif,853,22,15,0.5333,7,0.2857,6,12,TRP24;GLN28;ILE30;ASP31;TYR77;ASN78,TRP24;PRO25;ARG27;GLN28;PRO29;ILE30;ASP31;VAL34;THR35;TYR77;ASN78;VAL84,0,0,Fail_low_buried_contact,485.0978,69
2,C:\Users\Lenovo\Desktop\small_molecule_design\2_RFD3\4DY_output\all\JSON\4DY_4DY_partial_6_model_6.json,4DY_4DY_partial_6_model_6.json,4DY_4DY_partial_6,4DY_partial,4DY_4DY_partial,4DY,/home/a/rf_diffusion_test/small_molecule_design/4DY.pdb,12.0556,True,Good,High_priority_visual_check,0,0,0,0,0,0,4.153481960296631,0.04051566123962402,12.257536116333398,2.6149,0.14563106796116504,0.8543689320388349,0.8543689320388349,0.0,6,0.1553398058252427,0.04854368932038835,103,"C1,C2,C3,C4,C5,C6,O10,O12,C13,C17,N21,C22,O23,C24,C27","C30,C33,C36,C37,C38,C40,C44",,,7,2,,,,,ok,C:\Users\Lenovo\Desktop\small_molecule_design\2_RFD3\4DY_output\all\CIF\4DY_4DY_partial_6_model_6.cif,744,22,15,0.4667,7,0.2857,6,10,THR7;GLN10;THR14;ILE17;PRO40;VAL41,THR7;GLN10;ILE11;THR14;ILE17;LEU35;GLY38;ALA39;PRO40;VAL41,0,0,Fail_low_buried_contact,498.6956,70
84,C:\Users\Lenovo\Desktop\small_molecule_design\2_RFD3\4DY_output\all\JSON\4DY_4DY_partial_0_model_2.json,4DY_4DY_partial_0_model_2.json,4DY_4DY_partial_0,4DY_partial,4DY_4DY_partial,4DY,/home/a/rf_diffusion_test/small_molecule_design/4DY.pdb,337.7262,True,Medium_sidechain_clash,Medium_priority_visual_check,0,0,0,0,1,0,3.6578705310821533,0.06892037391662598,13.40460797379883,2.613,0.37037037037037035,0.6296296296296297,0.4222222222222222,0.2074074074074074,9,0.2740740740740741,0.02962962962962963,135,"C1,C2,C3,C4,C5,C6,O10,O12,C13,C17,N21,C22,O23,C24,C27","C30,C33,C36,C37,C38,C40,C44",,,10,5,,,,,ok,C:\Users\Lenovo\Desktop\small_molecule_design\2_RFD3\4DY_output\all\CIF\4DY_4DY_partial_0_model_2.cif,937,22,15,0.6667,7,0.7143,8,10,PHE67;ALA98;ALA99;ALA101;LEU102;ALA105;LEU118;TYR123,LEU37;PHE67;ALA98;ALA99;ALA101;LEU102;LYS104;ALA105;LEU118;TYR123,0,0,Acceptable_manual_check,504.3662,71
16,C:\Users\Lenovo\Desktop\small_molecule_design\2_RFD3\4DY_output\all\JSON\4DY_4DY_partial_2_model_2.json,4DY_4DY_partial_2_model_2.json,4DY_4DY_partial_2,4DY_partial,4DY_4DY_partial,4DY,/home/a/rf_diffusion_test/small_molecule_design/4DY.pdb,26.2815,True,Good,High_priority_visual_check,0,0,0,0,0,0,3.749962091445923,0.07259654998779297,14.108285450548893,2.8142,0.14285714285714285,0.8571428571428571,0.8571428571428571,0.0,5,0.3412698412698413,0.031746031746031744,126,"C1,C2,C3,C4,C5,C6,O10,O12,C13,C17,N21,C22,O23,C24,C27","C30,C33,C36,C37,C38,C40,C44",,,5,2,,,,,ok,C:\Users\Lenovo\Desktop\small_molecule_design\2_RFD3\4DY_output\all\CIF\4DY_4DY_partial_2_model_2.cif,854,22,15,0.3333,7,0.2857,7,11,SER38;ALA41;LEU103;GLN107;ALA111;ALA115;GLU118,SER38;ALA41;LEU42;LEU103;LEU106;GLN107;ALA110;ALA111;GLY114;ALA115;GLU118,0,0,Fail_low_buried_contact,509.6415,72
24,C:\Users\Lenovo\Desktop\small_molecule_design\2_RFD3\4DY_output\all\JSON\4DY_4DY_partial_3_model_9.json,4DY_4DY_partial_3_model_9.json,4DY_4DY_partial_3,4DY_partial,4DY_4DY_partial,4DY,/home/a/rf_diffusion_test/small_molecule_design/4DY.pdb,29.5963,True,Good,High_priority_visual_check,0,0,0,0,0,0,3.674605369567871,0.05054306983947754,12.755095223595893,2.6621,0.36363636363636365,0.6363636363636364,0.3,0.33636363636363636,7,0.15454545454545454,0.045454545454545456,110,"C1,C2,C3,C4,C5,C6,O10,O12,C13,C17,N21,C22,O23,C24,C27","C30,C33,C36,C37,C38,C40,C44",,,5,3,,,,,ok,C:\Users\Lenovo\Desktop\small_molecule_design\2_RFD3\4DY_output\all\CIF\4DY_4DY_partial_3_model_9.cif,792,22,15,0.3333,7,0.4286,6,12,PHE12;VAL36;ASN39;CYS74;SER75;GLY76,PHE12;ALA13;VAL36;ASN39;VAL41;CYS74;SER75;GLY76;ALA77;VAL78;THR86;VAL88,0,0,Fail_low_buried_contact,562.9563,73
71,C:\Users\Lenovo\Desktop\small_molecule_design\2_RFD3\4DY_output\all\JSON\4DY_4DY_partial_2_model_8.json,4DY_4DY_partial_2_model_8.json,4DY_4DY_partial_2,4DY_partial,4DY_4DY_partial,4DY,/home/a/rf_diffusion_test/small_molecule_design/4DY.pdb,47.5151,True,Acceptable,High_priority_visual_check,0,0,0,0,0,0,3.818462371826172,0.05309414863586426,13.517393623433005,2.6963,0.5873015873015873,0.4126984126984127,0.0,0.4126984126984127,8,0.1746031746031746,0.07142857142857142,126,"C1,C2,C3,C4,C5,C6,O10,O12,C13,C17,N21,C22,O23,C24,C27","C30,C33,C36,C37,C38,C40,C44",,,8,3,,,,,ok,C:\Users\Lenovo\Desktop\small_molecule_design\2_RFD3\4DY_output\all\CIF\4DY_4DY_partial_2_model_8.cif,876,22,15,0.5333,7,0.4286,5,9,LEU44;SER58;THR66;TYR67;LEU109,LEU44;THR55;SER58;THR66;TYR67;LEU109;GLY111;ASN112;LYS114,0,0,Fail_low_buried_contact,590.8751,74
79,C:\Users\Lenovo\Desktop\small_molecule_design\2_RFD3\4DY_output\all\JSON\4DY_4DY_partial_9_model_9.json,4DY_4DY_partial_9_model_9.json,4DY_4DY_partial_9,4DY_partial,4DY_4DY_partial,4DY,/home/a/rf_diffusion_test/small_molecule_design/4DY.pdb,331.1568,True,Medium_sidechain_clash,Medium_priority_visual_check,0,0,0,0,1,0,3.381788730621338,0.08342623710632324,13.378058676895169,2.6828,0.3790322580645161,0.6209677419354839,0.3064516129032258,0.31451612903225806,8,0.13709677419354838,0.03225806451612903,124,"C1,C2,C3,C4,C5,C6,O10,O12,C13,C17,N21,C22,O23,C24,C27","C30,C33,C36,C37,C38,C40,C44",,,15,3,,,,,ok,C:\Users\Lenovo\Desktop\small_molecule_design\2_RFD3\4DY_output\all\CIF\4DY_4DY_partial_9_model_9.cif,908,22,15,1.0,7,0.4286,6,8,ASN21;PHE25;ALA41;TYR44;GLN45;GLN48,ASN21;PHE25;ASN28;ALA40;ALA41;TYR44;GLN45;GLN48,0,0,Acceptable_manual_check,611.1568,75
55,C:\Users\Lenovo\Desktop\small_molecule_design\2_RFD3\4DY_output\all\JSON\4DY_4DY_partial_8_model_8.json,4DY_4DY_partial_8_model_8.json,4DY_4DY_partial_8,4DY_partial,4DY_4DY_partial,4DY,/home/a/rf_diffusion_test/small_molecule_design/4DY.pdb,38.6505,True,Good,High_priority_visual_check,0,0,0,0,0,0,4.367742538452148,0.059076547622680664,13.123068923679423,2.5645,0.3805970149253731,0.6194029850746268,0.3582089552238806,0.26119402985074625,10,0.27611940298507465,0.04477611940298507,134,"C1,C2,C3,C4,C5,C6,O10,O12,C13,C17,N21,C22,O23,C24,C27","C30,C33,C36,C37,C38,C40,C44",,,5,4,,,,,ok,C:\Users\Lenovo\Desktop\small_molecule_design\2_RFD3\4DY_output\all\CIF\4DY_4DY_partial_8_model_8.cif,921,22,15,0.3333,7,0.5714,6,8,VAL30;LEU32;VAL94;ALA98;GLU101;LEU102,VAL30;PRO31;LEU32;ALA33;VAL94;ALA98;GLU101;LEU102,0,0,Fail_low_buried_contact,692.0105,76
8,C:\Users\Lenovo\Desktop\small_molecule_design\2_RFD3\4DY_output\all\JSON\4DY_4DY_partial_1_model_4.json,4DY_4DY_partial_1_model_4.json,4DY_4DY_partial_1,4DY_partial,4DY_4DY_partial,4DY,/home/a/rf_diffusion_test/small_molecule_design/4DY.pdb,22.8365,True,Good,High_priority_visual_check,0,0,0,0,0,0,4.480899810791016,0.05007481575012207,13.706198411874741,2.6587,0.18248175182481752,0.8175182481751825,0.8175182481751825,0.0,6,0.2773722627737226,0.021897810218978103,137,"C1,C2,C3,C4,C5,C6,O10,O12,C13,C17,N21,C22,O23,C24,C27","C30,C33,C36,C37,C38,C40,C44",,,6,1,,,,,ok,C:\Users\Lenovo\Desktop\small_molecule_design\2_RFD3\4DY_output\all\CIF\4DY_4DY_partial_1_model_4.cif,965,22,15,0.4,7,0.1429,4,11,ALA15;LEU16;ALA23;ALA40,ILE12;ALA15;LEU16;ALA19;ALA20;ALA23;GLN33;ASP36;THR37;ALA40;ALA44,0,0,Fail_low_buried_contact,701.4015,77
9,C:\Users\Lenovo\Desktop\small_molecule_design\2_RFD3\4DY_output\all\JSON\4DY_4DY_partial_2_model_0.json,4DY_4DY_partial_2_model_0.json,4DY_4DY_partial_2,4DY_partial,4DY_4DY_partial,4DY,/home/a/rf_diffusion_test/small_molecule_design/4DY.pdb,24.6046,True,Good,High_priority_visual_check,0,0,0,0,0,0,4.589076042175293,0.047757625579833984,13.273241203278085,2.6476,0.30158730158730157,0.6984126984126984,0.5079365079365079,0.19047619047619047,9,0.12698412698412698,0.031746031746031744,126,"C1,C2,C3,C4,C5,C6,O10,O12,C13,C17,N21,C22,O23,C24,C27","C30,C33,C36,C37,C38,C40,C44",,,10,0,,,,,ok,C:\Users\Lenovo\Desktop\small_molecule_design\2_RFD3\4DY_output\all\CIF\4DY_4DY_partial_2_model_0.cif,928,22,15,0.6667,7,0.0,3,7,LEU79;GLU87;LEU102,LEU79;GLU87;THR91;HIS94;VAL100;LEU102;ASP104,0,0,Fail_no_clear_pocket,711.2446,78
49,C:\Users\Lenovo\Desktop\small_molecule_design\2_RFD3\4DY_output\all\JSON\4DY_4DY_partial_7_model_1.json,4DY_4DY_partial_7_model_1.json,4DY_4DY_partial_7,4DY_partial,4DY_4DY_partial,4DY,/home/a/rf_diffusion_test/small_molecule_design/4DY.pdb,37.3644,True,Good,High_priority_visual_check,0,0,0,0,0,0,4.890405654907227,0.04526543617248535,12.888775549457609,2.5063,0.34558823529411764,0.6544117647058824,0.15441176470588236,0.5,14,0.14705882352941177,0.2426470588235294,136,"C1,C2,C3,C4,C5,C6,O10,O12,C13,C17,N21,C22,O23,C24,C27","C30,C33,C36,C37,C38,C40,C44",,,6,0,,,,,ok,C:\Users\Lenovo\Desktop\small_molecule_design\2_RFD3\4DY_output\all\CIF\4DY_4DY_partial_7_model_1.cif,855,22,15,0.4,7,0.0,5,8,LEU25;THR27;VAL44;VAL46;ASN48,VAL3;ASN23;ASP24;LEU25;THR27;VAL44;VAL46;ASN48,0,0,Fail_low_buried_contact,747.3644,79
6,C:\Users\Lenovo\Desktop\small_molecule_design\2_RFD3\4DY_output\all\JSON\4DY_4DY_partial_6_model_5.json,4DY_4DY_partial_6_model_5.json,4DY_4DY_partial_6,4DY_partial,4DY_4DY_partial,4DY,/home/a/rf_diffusion_test/small_molecule_design/4DY.pdb,21.4213,True,Good,High_priority_visual_check,0,0,0,0,0,0,3.7235164642333984,0.045038461685180664,12.566094471843439,2.6807,0.18446601941747573,0.8155339805825242,0.8155339805825242,0.0,6,0.2621359223300971,0.04854368932038835,103,"C1,C2,C3,C4,C5,C6,O10,O12,C13,C17,N21,C22,O23,C24,C27","C30,C33,C36,C37,C38,C40,C44",,,3,2,,,,,ok,C:\Users\Lenovo\Desktop\small_molecule_design\2_RFD3\4DY_output\all\CIF\4DY_4DY_partial_6_model_5.cif,716,22,15,0.2,7,0.2857,5,8,LEU43;GLY47;SER50;THR51;ALA82,LEU43;GLY47;SER50;THR51;ILE78;LEU81;ALA82;GLN84,0,0,Fail_low_buried_contact,861.4213,80
67,C:\Users\Lenovo\Desktop\small_molecule_design\2_RFD3\4DY_output\all\JSON\4DY_4DY_partial_5_model_8.json,4DY_4DY_partial_5_model_8.json,4DY_4DY_partial_5,4DY_partial,4DY_4DY_partial,4DY,/home/a/rf_diffusion_test/small_molecule_design/4DY.pdb,44.8547,True,Good,High_priority_visual_check,0,0,0,0,0,0,3.7492454051971436,0.0538182258605957,13.1577308727085,2.5401,0.30935251798561153,0.6906474820143884,0.4676258992805755,0.22302158273381295,8,0.39568345323741005,0.05755395683453238,139,"C1,C2,C3,C4,C5,C6,O10,O12,C13,C17,N21,C22,O23,C24,C27","C30,C33,C36,C37,C38,C40,C44",,,2,4,,,,,ok,C:\Users\Lenovo\Desktop\small_molecule_design\2_RFD3\4DY_output\all\CIF\4DY_4DY_partial_5_model_8.cif,895,22,15,0.1333,7,0.5714,5,10,ALA97;LEU118;ALA119;ILE124;VAL126,ALA97;SER101;ILE104;LEU118;ALA119;SER120;ALA121;ILE124;VAL126;VAL133,0,0,Fail_low_buried_contact,878.2147,81
63,C:\Users\Lenovo\Desktop\small_molecule_design\2_RFD3\4DY_output\all\JSON\4DY_4DY_partial_0_model_5.json,4DY_4DY_partial_0_model_5.json,4DY_4DY_partial_0,4DY_partial,4DY_4DY_partial,4DY,/home/a/rf_diffusion_test/small_molecule_design/4DY.pdb,42.6887,True,Good,High_priority_visual_check,0,0,0,0,0,0,3.935485601425171,0.0762779712677002,13.70476442392671,2.6715,0.3111111111111111,0.6888888888888889,0.6888888888888889,0.0,7,0.37037037037037035,0.05185185185185185,135,"C1,C2,C3,C4,C5,C6,O10,O12,C13,C17,N21,C22,O23,C24,C27","C30,C33,C36,C37,C38,C40,C44",,,3,3,,,,,ok,C:\Users\Lenovo\Desktop\small_molecule_design\2_RFD3\4DY_output\all\CIF\4DY_4DY_partial_0_model_5.cif,892,22,15,0.2,7,0.4286,3,9,HIS45;GLU46;GLU50,TYR42;THR43;HIS45;GLU46;ALA49;GLU50;LEU112;LEU113;LEU116,0,0,Fail_low_buried_contact,1012.6887,82
36,C:\Users\Lenovo\Desktop\small_molecule_design\2_RFD3\4DY_output\all\JSON\4DY_4DY_partial_8_model_9.json,4DY_4DY_partial_8_model_9.json,4DY_4DY_partial_8,4DY_partial,4DY_4DY_partial,4DY,/home/a/rf_diffusion_test/small_molecule_design/4DY.pdb,33.453,True,Good,High_priority_visual_check,0,0,0,0,0,0,4.437008380889893,0.061717987060546875,14.470325564354283,2.8278,0.41044776119402987,0.5895522388059702,0.0,0.5895522388059702,11,0.11940298507462686,0.04477611940298507,134,"C1,C2,C3,C4,C5,C6,O10,O12,C13,C17,N21,C22,O23,C24,C27","C30,C33,C36,C37,C38,C40,C44",,,3,0,,,,,ok,C:\Users\Lenovo\Desktop\small_molecule_design\2_RFD3\4DY_output\all\CIF\4DY_4DY_partial_8_model_9.cif,949,22,15,0.2,7,0.0,3,5,LEU69;GLY70;VAL72,LEU69;GLY70;VAL72;VAL83;THR126,0,0,Fail_low_buried_contact,1153.453,83
83,C:\Users\Lenovo\Desktop\small_molecule_design\2_RFD3\4DY_output\all\JSON\4DY_4DY_partial_8_model_5.json,4DY_4DY_partial_8_model_5.json,4DY_4DY_partial_8,4DY_partial,4DY_4DY_partial,4DY,/home/a/rf_diffusion_test/small_molecule_design/4DY.pdb,337.4185,True,Medium_sidechain_clash,Medium_priority_visual_check,0,0,0,0,1,0,3.8941214084625244,0.0403599739074707,13.430657210805913,2.6246,0.4626865671641791,0.5373134328358209,0.3283582089552239,0.208955223880597,8,0.1417910447761194,0.029850746268656716,134,"C1,C2,C3,C4,C5,C6,O10,O12,C13,C17,N21,C22,O23,C24,C27","C30,C33,C36,C37,C38,C40,C44",,,4,2,,,,,ok,C:\Users\Lenovo\Desktop\small_molecule_design\2_RFD3\4DY_output\all\CIF\4DY_4DY_partial_8_model_5.cif,1011,22,15,0.2667,7,0.2857,4,6,ALA47;VAL50;ASN51;LEU83,ALA47;LEU48;VAL50;ASN51;ASN54;LEU83,0,0,Fail_low_buried_contact,1264.0585,84
85,C:\Users\Lenovo\Desktop\small_molecule_design\2_RFD3\4DY_output\all\JSON\4DY_4DY_partial_0_model_6.json,4DY_4DY_partial_0_model_6.json,4DY_4DY_partial_0,4DY_partial,4DY_4DY_partial,4DY,/home/a/rf_diffusion_test/small_molecule_design/4DY.pdb,346.342,True,Medium_sidechain_clash,Medium_priority_visual_check,0,0,0,0,1,0,3.2315218448638916,0.07124137878417969,15.274960882434222,2.9776,0.4962962962962963,0.5037037037037037,0.0,0.5037037037037037,12,0.25925925925925924,0.08888888888888889,135,"C1,C2,C3,C4,C5,C6,O10,O12,C13,C17,N21,C22,O23,C24,C27","C30,C33,C36,C37,C38,C40,C44",,,3,2,,,,,ok,C:\Users\Lenovo\Desktop\small_molecule_design\2_RFD3\4DY_output\all\CIF\4DY_4DY_partial_0_model_6.cif,916,22,15,0.2,7,0.2857,4,7,VAL65;ALA81;GLY82;ASN83,LEU63;VAL65;VAL67;SER80;ALA81;GLY82;ASN83,0,0,Fail_low_buried_contact,1296.342,85
41,C:\Users\Lenovo\Desktop\small_molecule_design\2_RFD3\4DY_output\all\JSON\4DY_4DY_partial_9_model_3.json,4DY_4DY_partial_9_model_3.json,4DY_4DY_partial_9,4DY_partial,4DY_4DY_partial,4DY,/home/a/rf_diffusion_test/small_molecule_design/4DY.pdb,34.7152,True,Good,High_priority_visual_check,0,0,0,0,0,0,5.634056568145752,0.052165985107421875,13.771935920769451,2.7618,0.4274193548387097,0.5725806451612903,0.06451612903225806,0.5080645161290323,11,0.1774193548387097,0.08870967741935484,124,"C1,C2,C3,C4,C5,C6,O10,O12,C13,C17,N21,C22,O23,C24,C27","C30,C33,C36,C37,C38,C40,C44",,,1,0,,,,,ok,C:\Users\Lenovo\Desktop\small_molecule_design\2_RFD3\4DY_output\all\CIF\4DY_4DY_partial_9_model_3.cif,859,22,15,0.0667,7,0.0,1,4,VAL17,VAL17;VAL71;ILE106;THR113,0,0,Fail_low_buried_contact,1451.3552,86
