receptor_id,analysis_status,vina_affinity_kcal_mol,pocket_alignment_rmsd_A,pocket_alignment_risk,poses_in_sdf,connectivity_aware_in_place_rmsd_A,centroid_shift_A,contact_cutoff_A,reference_contact_residue_count,docked_contact_residue_count,recovered_contact_residue_count,lost_contact_residue_count,new_contact_residue_count,contact_recovery_percent,new_contact_percent_of_docked,contact_jaccard,polar_contact_cutoff_A,QUE_donor_atom_count,QUE_acceptor_atom_count,reference_polar_contact_count,docked_polar_contact_count,recovered_polar_contact_count,lost_polar_contact_count,new_polar_contact_count,polar_contact_recovery_percent,new_polar_contact_percent_of_docked,polar_contact_jaccard,reference_contact_residues,docked_contact_residues,recovered_contact_residues,new_contact_residues,reference_polar_contacts,docked_polar_contacts,recovered_polar_contacts,new_polar_contacts,redocking_validation_tier,error
buried_0_model_5_sample7_model,success,-7.274,0.4493,Acceptable_pocket_alignment,10,7.3879,5.4769,4.5,15,11,8,7,3,53.3333,27.2727,0.4444,3.5,5,6,6,1,0,6,1,0.0,100.0,0.0,A:101:ARG;A:29:ASN;A:42:LEU;A:54:TYR;A:56:THR;A:67:TYR;A:6:THR;A:74:LEU;A:75:PHE;A:89:TYR;A:8:LEU;A:92:LEU;A:93:ALA;A:96:VAL;A:99:SER,A:101:ARG;A:72:GLN;A:75:PHE;A:79:ILE;A:89:TYR;A:8:LEU;A:90:GLU;A:92:LEU;A:93:ALA;A:96:VAL;A:99:SER,A:101:ARG;A:75:PHE;A:89:TYR;A:8:LEU;A:92:LEU;A:93:ALA;A:96:VAL;A:99:SER,A:72:GLN;A:79:ILE;A:90:GLU,A:101:ARG:NH2:PROT_DONOR_TO_QUE_ACCEPTOR;A:29:ASN:ND2:PROT_DONOR_TO_QUE_ACCEPTOR;A:54:TYR:OH:PROT_ACCEPTOR_FROM_QUE_DONOR;A:54:TYR:OH:PROT_DONOR_TO_QUE_ACCEPTOR;A:99:SER:OG:PROT_ACCEPTOR_FROM_QUE_DONOR;A:99:SER:OG:PROT_DONOR_TO_QUE_ACCEPTOR,A:72:GLN:OE1:PROT_ACCEPTOR_FROM_QUE_DONOR,,A:72:GLN:OE1:PROT_ACCEPTOR_FROM_QUE_DONOR,Tier_C_low_priority_pose,
buried_0_model_7_sample1_model,success,-8.745,0.6337,Acceptable_pocket_alignment,10,1.0008,0.6942,4.5,21,17,15,6,2,71.4286,11.7647,0.6522,3.5,5,6,5,8,5,0,3,100.0,37.5,0.625,A:101:VAL;A:102:VAL;A:10:ARG;A:13:VAL;A:31:LEU;A:35:ASN;A:48:ALA;A:49:HIS;A:50:ALA;A:52:ALA;A:53:ALA;A:56:VAL;A:5:LEU;A:6:LEU;A:73:VAL;A:76:GLY;A:77:LEU;A:80:VAL;A:94:ALA;A:98:GLY;A:9:GLY,A:101:VAL;A:10:ARG;A:12:LEU;A:28:LEU;A:31:LEU;A:35:ASN;A:49:HIS;A:52:ALA;A:53:ALA;A:56:VAL;A:5:LEU;A:6:LEU;A:73:VAL;A:77:LEU;A:94:ALA;A:98:GLY;A:9:GLY,A:101:VAL;A:10:ARG;A:31:LEU;A:35:ASN;A:49:HIS;A:52:ALA;A:53:ALA;A:56:VAL;A:5:LEU;A:6:LEU;A:73:VAL;A:77:LEU;A:94:ALA;A:98:GLY;A:9:GLY,A:12:LEU;A:28:LEU,A:49:HIS:ND1:PROT_ACCEPTOR_FROM_QUE_DONOR;A:49:HIS:ND1:PROT_DONOR_TO_QUE_ACCEPTOR;A:49:HIS:O:PROT_ACCEPTOR_FROM_QUE_DONOR;A:52:ALA:O:PROT_ACCEPTOR_FROM_QUE_DONOR;A:53:ALA:N:PROT_DONOR_TO_QUE_ACCEPTOR,A:35:ASN:ND2:PROT_DONOR_TO_QUE_ACCEPTOR;A:49:HIS:ND1:PROT_ACCEPTOR_FROM_QUE_DONOR;A:49:HIS:ND1:PROT_DONOR_TO_QUE_ACCEPTOR;A:49:HIS:O:PROT_ACCEPTOR_FROM_QUE_DONOR;A:52:ALA:O:PROT_ACCEPTOR_FROM_QUE_DONOR;A:53:ALA:N:PROT_DONOR_TO_QUE_ACCEPTOR;A:5:LEU:O:PROT_ACCEPTOR_FROM_QUE_DONOR;A:6:LEU:N:PROT_DONOR_TO_QUE_ACCEPTOR,A:49:HIS:ND1:PROT_ACCEPTOR_FROM_QUE_DONOR;A:49:HIS:ND1:PROT_DONOR_TO_QUE_ACCEPTOR;A:49:HIS:O:PROT_ACCEPTOR_FROM_QUE_DONOR;A:52:ALA:O:PROT_ACCEPTOR_FROM_QUE_DONOR;A:53:ALA:N:PROT_DONOR_TO_QUE_ACCEPTOR,A:35:ASN:ND2:PROT_DONOR_TO_QUE_ACCEPTOR;A:5:LEU:O:PROT_ACCEPTOR_FROM_QUE_DONOR;A:6:LEU:N:PROT_DONOR_TO_QUE_ACCEPTOR,Tier_B_partially_supported_pose,
buried_0_model_9_sample9_model,success,-6.806,0.578,Acceptable_pocket_alignment,10,4.1996,2.0994,4.5,19,13,13,6,0,68.4211,0.0,0.6842,3.5,5,6,6,8,4,2,4,66.6667,50.0,0.4,A:11:TYR;A:29:VAL;A:33:LEU;A:57:VAL;A:59:LEU;A:5:LEU;A:71:ARG;A:74:ILE;A:75:GLU;A:78:ALA;A:7:SER;A:81:PHE;A:82:THR;A:85:MET;A:94:SER;A:95:SER;A:96:VAL;A:98:SER;A:9:VAL,A:11:TYR;A:29:VAL;A:33:LEU;A:74:ILE;A:78:ALA;A:7:SER;A:81:PHE;A:82:THR;A:85:MET;A:94:SER;A:95:SER;A:96:VAL;A:9:VAL,A:11:TYR;A:29:VAL;A:33:LEU;A:74:ILE;A:78:ALA;A:7:SER;A:81:PHE;A:82:THR;A:85:MET;A:94:SER;A:95:SER;A:96:VAL;A:9:VAL,,A:11:TYR:OH:PROT_ACCEPTOR_FROM_QUE_DONOR;A:11:TYR:OH:PROT_DONOR_TO_QUE_ACCEPTOR;A:7:SER:OG:PROT_ACCEPTOR_FROM_QUE_DONOR;A:7:SER:OG:PROT_DONOR_TO_QUE_ACCEPTOR;A:82:THR:OG1:PROT_ACCEPTOR_FROM_QUE_DONOR;A:82:THR:OG1:PROT_DONOR_TO_QUE_ACCEPTOR,A:78:ALA:O:PROT_ACCEPTOR_FROM_QUE_DONOR;A:7:SER:OG:PROT_ACCEPTOR_FROM_QUE_DONOR;A:7:SER:OG:PROT_DONOR_TO_QUE_ACCEPTOR;A:82:THR:OG1:PROT_ACCEPTOR_FROM_QUE_DONOR;A:82:THR:OG1:PROT_DONOR_TO_QUE_ACCEPTOR;A:94:SER:O:PROT_ACCEPTOR_FROM_QUE_DONOR;A:94:SER:OG:PROT_ACCEPTOR_FROM_QUE_DONOR;A:94:SER:OG:PROT_DONOR_TO_QUE_ACCEPTOR,A:7:SER:OG:PROT_ACCEPTOR_FROM_QUE_DONOR;A:7:SER:OG:PROT_DONOR_TO_QUE_ACCEPTOR;A:82:THR:OG1:PROT_ACCEPTOR_FROM_QUE_DONOR;A:82:THR:OG1:PROT_DONOR_TO_QUE_ACCEPTOR,A:78:ALA:O:PROT_ACCEPTOR_FROM_QUE_DONOR;A:94:SER:O:PROT_ACCEPTOR_FROM_QUE_DONOR;A:94:SER:OG:PROT_ACCEPTOR_FROM_QUE_DONOR;A:94:SER:OG:PROT_DONOR_TO_QUE_ACCEPTOR,Tier_C_low_priority_pose,
buried_1_model_0_sample8_model,success,-8.635,0.381,Acceptable_pocket_alignment,10,1.1457,0.4121,4.5,23,22,21,2,1,91.3043,4.5455,0.875,3.5,5,6,11,11,9,2,2,81.8182,18.1818,0.6923,A:108:VAL;A:111:ASP;A:112:LEU;A:115:VAL;A:14:PHE;A:17:HIS;A:18:THR;A:21:ALA;A:25:LEU;A:30:MET;A:33:THR;A:37:ILE;A:43:LEU;A:45:PHE;A:61:SER;A:63:VAL;A:76:VAL;A:78:ASN;A:83:THR;A:86:ILE;A:87:THR;A:90:THR;A:91:VAL,A:108:VAL;A:111:ASP;A:112:LEU;A:115:VAL;A:14:PHE;A:17:HIS;A:18:THR;A:21:ALA;A:25:LEU;A:30:MET;A:33:THR;A:43:LEU;A:45:PHE;A:61:SER;A:63:VAL;A:76:VAL;A:78:ASN;A:83:THR;A:86:ILE;A:87:THR;A:90:THR;A:96:LEU,A:108:VAL;A:111:ASP;A:112:LEU;A:115:VAL;A:14:PHE;A:17:HIS;A:18:THR;A:21:ALA;A:25:LEU;A:30:MET;A:33:THR;A:43:LEU;A:45:PHE;A:61:SER;A:63:VAL;A:76:VAL;A:78:ASN;A:83:THR;A:86:ILE;A:87:THR;A:90:THR,A:96:LEU,A:17:HIS:ND1:PROT_ACCEPTOR_FROM_QUE_DONOR;A:17:HIS:ND1:PROT_DONOR_TO_QUE_ACCEPTOR;A:18:THR:OG1:PROT_ACCEPTOR_FROM_QUE_DONOR;A:18:THR:OG1:PROT_DONOR_TO_QUE_ACCEPTOR;A:61:SER:OG:PROT_DONOR_TO_QUE_ACCEPTOR;A:78:ASN:OD1:PROT_ACCEPTOR_FROM_QUE_DONOR;A:87:THR:O:PROT_ACCEPTOR_FROM_QUE_DONOR;A:87:THR:OG1:PROT_ACCEPTOR_FROM_QUE_DONOR;A:87:THR:OG1:PROT_DONOR_TO_QUE_ACCEPTOR;A:90:THR:OG1:PROT_ACCEPTOR_FROM_QUE_DONOR;A:90:THR:OG1:PROT_DONOR_TO_QUE_ACCEPTOR,A:17:HIS:ND1:PROT_ACCEPTOR_FROM_QUE_DONOR;A:17:HIS:ND1:PROT_DONOR_TO_QUE_ACCEPTOR;A:18:THR:OG1:PROT_ACCEPTOR_FROM_QUE_DONOR;A:18:THR:OG1:PROT_DONOR_TO_QUE_ACCEPTOR;A:61:SER:OG:PROT_DONOR_TO_QUE_ACCEPTOR;A:86:ILE:O:PROT_ACCEPTOR_FROM_QUE_DONOR;A:87:THR:N:PROT_DONOR_TO_QUE_ACCEPTOR;A:87:THR:OG1:PROT_ACCEPTOR_FROM_QUE_DONOR;A:87:THR:OG1:PROT_DONOR_TO_QUE_ACCEPTOR;A:90:THR:OG1:PROT_ACCEPTOR_FROM_QUE_DONOR;A:90:THR:OG1:PROT_DONOR_TO_QUE_ACCEPTOR,A:17:HIS:ND1:PROT_ACCEPTOR_FROM_QUE_DONOR;A:17:HIS:ND1:PROT_DONOR_TO_QUE_ACCEPTOR;A:18:THR:OG1:PROT_ACCEPTOR_FROM_QUE_DONOR;A:18:THR:OG1:PROT_DONOR_TO_QUE_ACCEPTOR;A:61:SER:OG:PROT_DONOR_TO_QUE_ACCEPTOR;A:87:THR:OG1:PROT_ACCEPTOR_FROM_QUE_DONOR;A:87:THR:OG1:PROT_DONOR_TO_QUE_ACCEPTOR;A:90:THR:OG1:PROT_ACCEPTOR_FROM_QUE_DONOR;A:90:THR:OG1:PROT_DONOR_TO_QUE_ACCEPTOR,A:86:ILE:O:PROT_ACCEPTOR_FROM_QUE_DONOR;A:87:THR:N:PROT_DONOR_TO_QUE_ACCEPTOR,Tier_A_connectivity_and_polar_supported_pose,
buried_1_model_1_sample1_model,success,-9.044,0.4203,Acceptable_pocket_alignment,9,6.6595,0.8708,4.5,17,20,15,2,5,88.2353,25.0,0.6818,3.5,5,6,3,5,2,1,3,66.6667,60.0,0.3333,A:107:PHE;A:109:VAL;A:117:VAL;A:119:LEU;A:27:LEU;A:29:LEU;A:42:THR;A:44:ALA;A:52:ILE;A:56:VAL;A:64:ASP;A:66:ARG;A:74:PHE;A:79:VAL;A:81:ALA;A:88:LEU;A:90:THR,A:107:PHE;A:109:VAL;A:117:VAL;A:118:THR;A:119:LEU;A:27:LEU;A:42:THR;A:44:ALA;A:52:ILE;A:53:HIS;A:54:GLY;A:56:VAL;A:64:ASP;A:66:ARG;A:67:THR;A:68:ILE;A:74:PHE;A:79:VAL;A:88:LEU;A:90:THR,A:107:PHE;A:109:VAL;A:117:VAL;A:119:LEU;A:27:LEU;A:42:THR;A:44:ALA;A:52:ILE;A:56:VAL;A:64:ASP;A:66:ARG;A:74:PHE;A:79:VAL;A:88:LEU;A:90:THR,A:118:THR;A:53:HIS;A:54:GLY;A:67:THR;A:68:ILE,A:42:THR:OG1:PROT_ACCEPTOR_FROM_QUE_DONOR;A:42:THR:OG1:PROT_DONOR_TO_QUE_ACCEPTOR;A:64:ASP:OD2:PROT_ACCEPTOR_FROM_QUE_DONOR,A:119:LEU:N:PROT_DONOR_TO_QUE_ACCEPTOR;A:42:THR:OG1:PROT_ACCEPTOR_FROM_QUE_DONOR;A:42:THR:OG1:PROT_DONOR_TO_QUE_ACCEPTOR;A:66:ARG:O:PROT_ACCEPTOR_FROM_QUE_DONOR;A:68:ILE:N:PROT_DONOR_TO_QUE_ACCEPTOR,A:42:THR:OG1:PROT_ACCEPTOR_FROM_QUE_DONOR;A:42:THR:OG1:PROT_DONOR_TO_QUE_ACCEPTOR,A:119:LEU:N:PROT_DONOR_TO_QUE_ACCEPTOR;A:66:ARG:O:PROT_ACCEPTOR_FROM_QUE_DONOR;A:68:ILE:N:PROT_DONOR_TO_QUE_ACCEPTOR,Tier_C_low_priority_pose,
buried_2_model_2_sample1_model,success,-8.488,0.4725,Acceptable_pocket_alignment,10,3.6914,1.6857,4.5,18,19,15,3,4,83.3333,21.0526,0.6818,3.5,5,6,2,7,0,2,7,0.0,100.0,0.0,A:10:VAL;A:12:THR;A:17:HIS;A:19:ALA;A:31:SER;A:37:PHE;A:39:ALA;A:43:ASP;A:47:VAL;A:62:LEU;A:72:VAL;A:74:ILE;A:80:VAL;A:82:VAL;A:87:ILE;A:8:VAL;A:95:ILE;A:97:LEU,A:10:VAL;A:12:THR;A:17:HIS;A:18:THR;A:19:ALA;A:31:SER;A:37:PHE;A:39:ALA;A:43:ASP;A:44:SER;A:45:GLY;A:62:LEU;A:72:VAL;A:80:VAL;A:81:LYS;A:82:VAL;A:87:ILE;A:95:ILE;A:97:LEU,A:10:VAL;A:12:THR;A:17:HIS;A:19:ALA;A:31:SER;A:37:PHE;A:39:ALA;A:43:ASP;A:62:LEU;A:72:VAL;A:80:VAL;A:82:VAL;A:87:ILE;A:95:ILE;A:97:LEU,A:18:THR;A:44:SER;A:45:GLY;A:81:LYS,A:31:SER:OG:PROT_ACCEPTOR_FROM_QUE_DONOR;A:31:SER:OG:PROT_DONOR_TO_QUE_ACCEPTOR,A:18:THR:O:PROT_ACCEPTOR_FROM_QUE_DONOR;A:19:ALA:N:PROT_DONOR_TO_QUE_ACCEPTOR;A:43:ASP:O:PROT_ACCEPTOR_FROM_QUE_DONOR;A:44:SER:N:PROT_DONOR_TO_QUE_ACCEPTOR;A:80:VAL:O:PROT_ACCEPTOR_FROM_QUE_DONOR;A:81:LYS:N:PROT_DONOR_TO_QUE_ACCEPTOR;A:82:VAL:N:PROT_DONOR_TO_QUE_ACCEPTOR,,A:18:THR:O:PROT_ACCEPTOR_FROM_QUE_DONOR;A:19:ALA:N:PROT_DONOR_TO_QUE_ACCEPTOR;A:43:ASP:O:PROT_ACCEPTOR_FROM_QUE_DONOR;A:44:SER:N:PROT_DONOR_TO_QUE_ACCEPTOR;A:80:VAL:O:PROT_ACCEPTOR_FROM_QUE_DONOR;A:81:LYS:N:PROT_DONOR_TO_QUE_ACCEPTOR;A:82:VAL:N:PROT_DONOR_TO_QUE_ACCEPTOR,Tier_C_low_priority_pose,
buried_2_model_8_sample3_model,success,-7.333,0.9496,Borderline_pocket_deviation,10,3.3144,0.8936,4.5,11,13,9,2,4,81.8182,30.7692,0.6,3.5,5,6,5,7,4,1,3,80.0,42.8571,0.5,A:21:PRO;A:22:PHE;A:24:GLU;A:25:PRO;A:26:VAL;A:27:ASP;A:30:LYS;A:31:GLU;A:34:TYR;A:75:ASN;A:81:ILE,A:21:PRO;A:22:PHE;A:24:GLU;A:25:PRO;A:26:VAL;A:31:GLU;A:34:TYR;A:67:MET;A:70:ASN;A:71:ALA;A:74:TYR;A:75:ASN;A:81:ILE,A:21:PRO;A:22:PHE;A:24:GLU;A:25:PRO;A:26:VAL;A:31:GLU;A:34:TYR;A:75:ASN;A:81:ILE,A:67:MET;A:70:ASN;A:71:ALA;A:74:TYR,A:21:PRO:O:PROT_ACCEPTOR_FROM_QUE_DONOR;A:24:GLU:O:PROT_ACCEPTOR_FROM_QUE_DONOR;A:31:GLU:OE1:PROT_ACCEPTOR_FROM_QUE_DONOR;A:75:ASN:ND2:PROT_DONOR_TO_QUE_ACCEPTOR;A:75:ASN:OD1:PROT_ACCEPTOR_FROM_QUE_DONOR,A:24:GLU:O:PROT_ACCEPTOR_FROM_QUE_DONOR;A:25:PRO:O:PROT_ACCEPTOR_FROM_QUE_DONOR;A:31:GLU:OE1:PROT_ACCEPTOR_FROM_QUE_DONOR;A:67:MET:O:PROT_ACCEPTOR_FROM_QUE_DONOR;A:71:ALA:N:PROT_DONOR_TO_QUE_ACCEPTOR;A:75:ASN:ND2:PROT_DONOR_TO_QUE_ACCEPTOR;A:75:ASN:OD1:PROT_ACCEPTOR_FROM_QUE_DONOR,A:24:GLU:O:PROT_ACCEPTOR_FROM_QUE_DONOR;A:31:GLU:OE1:PROT_ACCEPTOR_FROM_QUE_DONOR;A:75:ASN:ND2:PROT_DONOR_TO_QUE_ACCEPTOR;A:75:ASN:OD1:PROT_ACCEPTOR_FROM_QUE_DONOR,A:25:PRO:O:PROT_ACCEPTOR_FROM_QUE_DONOR;A:67:MET:O:PROT_ACCEPTOR_FROM_QUE_DONOR;A:71:ALA:N:PROT_DONOR_TO_QUE_ACCEPTOR,Tier_C_low_priority_pose,
buried_2_model_9_sample3_model,success,-5.371,0.4,Acceptable_pocket_alignment,10,9.2198,8.6393,4.5,19,9,6,13,3,31.5789,33.3333,0.2727,3.5,5,6,3,6,2,1,4,66.6667,66.6667,0.2857,A:10:ALA;A:12:VAL;A:32:LEU;A:36:ALA;A:39:VAL;A:43:VAL;A:59:LEU;A:61:GLY;A:63:PHE;A:69:VAL;A:70:GLU;A:72:LEU;A:73:LEU;A:76:VAL;A:77:VAL;A:8:TYR;A:93:TYR;A:95:SER;A:97:VAL,A:70:GLU;A:73:LEU;A:74:PRO;A:77:VAL;A:8:TYR;A:95:SER;A:96:ARG;A:97:VAL;A:99:ARG,A:70:GLU;A:73:LEU;A:77:VAL;A:8:TYR;A:95:SER;A:97:VAL,A:74:PRO;A:96:ARG;A:99:ARG,A:69:VAL:O:PROT_ACCEPTOR_FROM_QUE_DONOR;A:95:SER:OG:PROT_ACCEPTOR_FROM_QUE_DONOR;A:95:SER:OG:PROT_DONOR_TO_QUE_ACCEPTOR,A:70:GLU:OE2:PROT_ACCEPTOR_FROM_QUE_DONOR;A:95:SER:O:PROT_ACCEPTOR_FROM_QUE_DONOR;A:95:SER:OG:PROT_ACCEPTOR_FROM_QUE_DONOR;A:95:SER:OG:PROT_DONOR_TO_QUE_ACCEPTOR;A:97:VAL:N:PROT_DONOR_TO_QUE_ACCEPTOR;A:97:VAL:O:PROT_ACCEPTOR_FROM_QUE_DONOR,A:95:SER:OG:PROT_ACCEPTOR_FROM_QUE_DONOR;A:95:SER:OG:PROT_DONOR_TO_QUE_ACCEPTOR,A:70:GLU:OE2:PROT_ACCEPTOR_FROM_QUE_DONOR;A:95:SER:O:PROT_ACCEPTOR_FROM_QUE_DONOR;A:97:VAL:N:PROT_DONOR_TO_QUE_ACCEPTOR;A:97:VAL:O:PROT_ACCEPTOR_FROM_QUE_DONOR,Tier_C_low_priority_pose,
buried_3_model_5_sample5_model,success,-7.378,0.6645,Acceptable_pocket_alignment,10,3.4549,1.4122,4.5,15,13,11,4,2,73.3333,15.3846,0.6471,3.5,5,6,9,5,4,5,1,44.4444,20.0,0.4,A:10:LEU;A:116:ASP;A:117:SER;A:118:ASN;A:11:GLY;A:145:LEU;A:35:ASP;A:36:ASN;A:58:ILE;A:62:LEU;A:67:HIS;A:68:VAL;A:93:GLY;A:94:CYS;A:95:GLY,A:10:LEU;A:116:ASP;A:117:SER;A:11:GLY;A:145:LEU;A:35:ASP;A:36:ASN;A:56:VAL;A:58:ILE;A:62:LEU;A:68:VAL;A:93:GLY;A:99:ALA,A:10:LEU;A:116:ASP;A:117:SER;A:11:GLY;A:145:LEU;A:35:ASP;A:36:ASN;A:58:ILE;A:62:LEU;A:68:VAL;A:93:GLY,A:56:VAL;A:99:ALA,A:116:ASP:OD1:PROT_ACCEPTOR_FROM_QUE_DONOR;A:116:ASP:OD2:PROT_ACCEPTOR_FROM_QUE_DONOR;A:117:SER:OG:PROT_ACCEPTOR_FROM_QUE_DONOR;A:117:SER:OG:PROT_DONOR_TO_QUE_ACCEPTOR;A:145:LEU:N:PROT_DONOR_TO_QUE_ACCEPTOR;A:35:ASP:OD1:PROT_ACCEPTOR_FROM_QUE_DONOR;A:36:ASN:OD1:PROT_ACCEPTOR_FROM_QUE_DONOR;A:93:GLY:O:PROT_ACCEPTOR_FROM_QUE_DONOR;A:95:GLY:N:PROT_DONOR_TO_QUE_ACCEPTOR,A:116:ASP:OD1:PROT_ACCEPTOR_FROM_QUE_DONOR;A:116:ASP:OD2:PROT_ACCEPTOR_FROM_QUE_DONOR;A:35:ASP:OD1:PROT_ACCEPTOR_FROM_QUE_DONOR;A:36:ASN:N:PROT_DONOR_TO_QUE_ACCEPTOR;A:36:ASN:OD1:PROT_ACCEPTOR_FROM_QUE_DONOR,A:116:ASP:OD1:PROT_ACCEPTOR_FROM_QUE_DONOR;A:116:ASP:OD2:PROT_ACCEPTOR_FROM_QUE_DONOR;A:35:ASP:OD1:PROT_ACCEPTOR_FROM_QUE_DONOR;A:36:ASN:OD1:PROT_ACCEPTOR_FROM_QUE_DONOR,A:36:ASN:N:PROT_DONOR_TO_QUE_ACCEPTOR,Tier_C_low_priority_pose,
buried_3_model_6_sample3_model,success,-8.976,0.544,Acceptable_pocket_alignment,10,4.1969,2.4164,4.5,18,17,11,7,6,61.1111,35.2941,0.4583,3.5,5,6,7,6,3,4,3,42.8571,50.0,0.3,A:101:ALA;A:102:ALA;A:105:ALA;A:128:ASN;A:129:GLU;A:132:THR;A:136:TYR;A:16:PHE;A:17:GLY;A:20:SER;A:47:TYR;A:54:LEU;A:61:ILE;A:65:LEU;A:84:LEU;A:85:ALA;A:88:MET;A:92:PHE,A:105:ALA;A:106:LEU;A:109:ALA;A:125:MET;A:128:ASN;A:129:GLU;A:132:THR;A:136:TYR;A:17:GLY;A:20:SER;A:21:LEU;A:46:PHE;A:47:TYR;A:50:VAL;A:65:LEU;A:84:LEU;A:88:MET,A:105:ALA;A:128:ASN;A:129:GLU;A:132:THR;A:136:TYR;A:17:GLY;A:20:SER;A:47:TYR;A:65:LEU;A:84:LEU;A:88:MET,A:106:LEU;A:109:ALA;A:125:MET;A:21:LEU;A:46:PHE;A:50:VAL,A:101:ALA:O:PROT_ACCEPTOR_FROM_QUE_DONOR;A:128:ASN:ND2:PROT_DONOR_TO_QUE_ACCEPTOR;A:129:GLU:OE1:PROT_ACCEPTOR_FROM_QUE_DONOR;A:136:TYR:OH:PROT_ACCEPTOR_FROM_QUE_DONOR;A:136:TYR:OH:PROT_DONOR_TO_QUE_ACCEPTOR;A:20:SER:OG:PROT_ACCEPTOR_FROM_QUE_DONOR;A:20:SER:OG:PROT_DONOR_TO_QUE_ACCEPTOR,A:105:ALA:O:PROT_ACCEPTOR_FROM_QUE_DONOR;A:129:GLU:OE1:PROT_ACCEPTOR_FROM_QUE_DONOR;A:17:GLY:O:PROT_ACCEPTOR_FROM_QUE_DONOR;A:20:SER:OG:PROT_ACCEPTOR_FROM_QUE_DONOR;A:20:SER:OG:PROT_DONOR_TO_QUE_ACCEPTOR;A:21:LEU:N:PROT_DONOR_TO_QUE_ACCEPTOR,A:129:GLU:OE1:PROT_ACCEPTOR_FROM_QUE_DONOR;A:20:SER:OG:PROT_ACCEPTOR_FROM_QUE_DONOR;A:20:SER:OG:PROT_DONOR_TO_QUE_ACCEPTOR,A:105:ALA:O:PROT_ACCEPTOR_FROM_QUE_DONOR;A:17:GLY:O:PROT_ACCEPTOR_FROM_QUE_DONOR;A:21:LEU:N:PROT_DONOR_TO_QUE_ACCEPTOR,Tier_C_low_priority_pose,
buried_4_model_0_sample9_model,success,-6.997,0.3222,Acceptable_pocket_alignment,10,1.8283,1.3834,4.5,16,12,12,4,0,75.0,0.0,0.75,3.5,5,6,8,6,5,3,1,62.5,16.6667,0.5556,A:108:SER;A:110:VAL;A:27:MET;A:30:HIS;A:31:MET;A:35:GLU;A:37:VAL;A:56:TYR;A:61:ILE;A:63:CYS;A:65:SER;A:94:ALA;A:95:GLY;A:96:ARG;A:97:SER;A:99:ASN,A:108:SER;A:110:VAL;A:27:MET;A:30:HIS;A:31:MET;A:35:GLU;A:37:VAL;A:56:TYR;A:63:CYS;A:94:ALA;A:97:SER;A:99:ASN,A:108:SER;A:110:VAL;A:27:MET;A:30:HIS;A:31:MET;A:35:GLU;A:37:VAL;A:56:TYR;A:63:CYS;A:94:ALA;A:97:SER;A:99:ASN,,A:108:SER:OG:PROT_ACCEPTOR_FROM_QUE_DONOR;A:108:SER:OG:PROT_DONOR_TO_QUE_ACCEPTOR;A:63:CYS:SG:PROT_ACCEPTOR_FROM_QUE_DONOR;A:63:CYS:SG:PROT_DONOR_TO_QUE_ACCEPTOR;A:94:ALA:O:PROT_ACCEPTOR_FROM_QUE_DONOR;A:97:SER:OG:PROT_ACCEPTOR_FROM_QUE_DONOR;A:97:SER:OG:PROT_DONOR_TO_QUE_ACCEPTOR;A:99:ASN:ND2:PROT_DONOR_TO_QUE_ACCEPTOR,A:108:SER:OG:PROT_ACCEPTOR_FROM_QUE_DONOR;A:108:SER:OG:PROT_DONOR_TO_QUE_ACCEPTOR;A:35:GLU:OE1:PROT_ACCEPTOR_FROM_QUE_DONOR;A:97:SER:OG:PROT_ACCEPTOR_FROM_QUE_DONOR;A:97:SER:OG:PROT_DONOR_TO_QUE_ACCEPTOR;A:99:ASN:ND2:PROT_DONOR_TO_QUE_ACCEPTOR,A:108:SER:OG:PROT_ACCEPTOR_FROM_QUE_DONOR;A:108:SER:OG:PROT_DONOR_TO_QUE_ACCEPTOR;A:97:SER:OG:PROT_ACCEPTOR_FROM_QUE_DONOR;A:97:SER:OG:PROT_DONOR_TO_QUE_ACCEPTOR;A:99:ASN:ND2:PROT_DONOR_TO_QUE_ACCEPTOR,A:35:GLU:OE1:PROT_ACCEPTOR_FROM_QUE_DONOR,Tier_B_partially_supported_pose,
buried_4_model_3_sample8_model,success,-8.275,0.3242,Acceptable_pocket_alignment,10,0.8355,0.7234,4.5,20,17,17,3,0,85.0,0.0,0.85,3.5,5,6,4,3,3,1,0,75.0,0.0,0.75,A:10:THR;A:11:VAL;A:14:SER;A:20:MET;A:28:ALA;A:31:ILE;A:35:LEU;A:3:LEU;A:46:LEU;A:49:GLY;A:50:LEU;A:52:VAL;A:53:ALA;A:56:ALA;A:74:LEU;A:78:MET;A:7:SER;A:81:LEU;A:82:VAL;A:85:ALA,A:10:THR;A:11:VAL;A:14:SER;A:28:ALA;A:31:ILE;A:35:LEU;A:46:LEU;A:49:GLY;A:50:LEU;A:52:VAL;A:53:ALA;A:56:ALA;A:78:MET;A:7:SER;A:81:LEU;A:82:VAL;A:85:ALA,A:10:THR;A:11:VAL;A:14:SER;A:28:ALA;A:31:ILE;A:35:LEU;A:46:LEU;A:49:GLY;A:50:LEU;A:52:VAL;A:53:ALA;A:56:ALA;A:78:MET;A:7:SER;A:81:LEU;A:82:VAL;A:85:ALA,,A:14:SER:OG:PROT_ACCEPTOR_FROM_QUE_DONOR;A:14:SER:OG:PROT_DONOR_TO_QUE_ACCEPTOR;A:7:SER:OG:PROT_ACCEPTOR_FROM_QUE_DONOR;A:7:SER:OG:PROT_DONOR_TO_QUE_ACCEPTOR,A:14:SER:OG:PROT_ACCEPTOR_FROM_QUE_DONOR;A:14:SER:OG:PROT_DONOR_TO_QUE_ACCEPTOR;A:7:SER:OG:PROT_DONOR_TO_QUE_ACCEPTOR,A:14:SER:OG:PROT_ACCEPTOR_FROM_QUE_DONOR;A:14:SER:OG:PROT_DONOR_TO_QUE_ACCEPTOR;A:7:SER:OG:PROT_DONOR_TO_QUE_ACCEPTOR,,Tier_A_connectivity_and_polar_supported_pose,
buried_4_model_4_sample7_model,success,-5.962,0.4092,Acceptable_pocket_alignment,10,13.4192,11.937,4.5,17,11,3,14,8,17.6471,72.7273,0.12,3.5,5,6,4,3,0,4,3,0.0,100.0,0.0,A:21:LEU;A:31:LEU;A:36:ALA;A:37:LEU;A:40:LYS;A:45:LEU;A:48:ILE;A:49:ILE;A:52:SER;A:53:HIS;A:72:ASP;A:73:LEU;A:76:HIS;A:78:ASP;A:79:LEU;A:88:ILE;A:92:ALA,A:22:LEU;A:23:ASP;A:24:ASP;A:25:PRO;A:28:ALA;A:31:LEU;A:32:ALA;A:37:LEU;A:38:ALA;A:42:LYS;A:45:LEU,A:31:LEU;A:37:LEU;A:45:LEU,A:22:LEU;A:23:ASP;A:24:ASP;A:25:PRO;A:28:ALA;A:32:ALA;A:38:ALA;A:42:LYS,A:53:HIS:NE2:PROT_ACCEPTOR_FROM_QUE_DONOR;A:53:HIS:NE2:PROT_DONOR_TO_QUE_ACCEPTOR;A:76:HIS:NE2:PROT_ACCEPTOR_FROM_QUE_DONOR;A:76:HIS:NE2:PROT_DONOR_TO_QUE_ACCEPTOR,A:22:LEU:O:PROT_ACCEPTOR_FROM_QUE_DONOR;A:23:ASP:O:PROT_ACCEPTOR_FROM_QUE_DONOR;A:37:LEU:O:PROT_ACCEPTOR_FROM_QUE_DONOR,,A:22:LEU:O:PROT_ACCEPTOR_FROM_QUE_DONOR;A:23:ASP:O:PROT_ACCEPTOR_FROM_QUE_DONOR;A:37:LEU:O:PROT_ACCEPTOR_FROM_QUE_DONOR,Tier_C_low_priority_pose,
buried_4_model_5_sample1_model,success,-8.487,0.569,Acceptable_pocket_alignment,10,3.521,3.1621,4.5,18,16,10,8,6,55.5556,37.5,0.4167,3.5,5,6,2,0,0,2,0,0.0,,0.0,A:105:LEU;A:10:ALA;A:31:ASN;A:34:PHE;A:38:GLU;A:40:TYR;A:41:ILE;A:44:ILE;A:59:VAL;A:61:ALA;A:63:VAL;A:72:PHE;A:76:ILE;A:79:SER;A:80:LEU;A:83:MET;A:8:VAL;A:96:LEU,A:100:CYS;A:102:LEU;A:105:LEU;A:12:VAL;A:23:LEU;A:27:ILE;A:31:ASN;A:34:PHE;A:44:ILE;A:59:VAL;A:61:ALA;A:80:LEU;A:83:MET;A:87:TRP;A:8:VAL;A:96:LEU,A:105:LEU;A:31:ASN;A:34:PHE;A:44:ILE;A:59:VAL;A:61:ALA;A:80:LEU;A:83:MET;A:8:VAL;A:96:LEU,A:100:CYS;A:102:LEU;A:12:VAL;A:23:LEU;A:27:ILE;A:87:TRP,A:79:SER:OG:PROT_ACCEPTOR_FROM_QUE_DONOR;A:79:SER:OG:PROT_DONOR_TO_QUE_ACCEPTOR,,,,Tier_C_low_priority_pose,
buried_4_model_6_sample7_model,success,-8.981,0.8668,Borderline_pocket_deviation,10,3.4656,1.5997,4.5,15,14,13,2,1,86.6667,7.1429,0.8125,3.5,5,6,6,5,2,4,3,33.3333,60.0,0.2222,A:28:TYR;A:29:PHE;A:31:GLU;A:33:MET;A:37:ARG;A:41:LEU;A:43:LEU;A:46:TYR;A:54:MET;A:55:ASP;A:81:MET;A:84:ASN;A:85:ALA;A:89:VAL;A:95:VAL,A:28:TYR;A:29:PHE;A:31:GLU;A:33:MET;A:41:LEU;A:43:LEU;A:46:TYR;A:54:MET;A:55:ASP;A:84:ASN;A:85:ALA;A:88:TYR;A:89:VAL;A:95:VAL,A:28:TYR;A:29:PHE;A:31:GLU;A:33:MET;A:41:LEU;A:43:LEU;A:46:TYR;A:54:MET;A:55:ASP;A:84:ASN;A:85:ALA;A:89:VAL;A:95:VAL,A:88:TYR,A:28:TYR:O:PROT_ACCEPTOR_FROM_QUE_DONOR;A:37:ARG:NE:PROT_DONOR_TO_QUE_ACCEPTOR;A:37:ARG:NH1:PROT_DONOR_TO_QUE_ACCEPTOR;A:37:ARG:NH2:PROT_DONOR_TO_QUE_ACCEPTOR;A:81:MET:O:PROT_ACCEPTOR_FROM_QUE_DONOR;A:85:ALA:N:PROT_DONOR_TO_QUE_ACCEPTOR,A:28:TYR:O:PROT_ACCEPTOR_FROM_QUE_DONOR;A:46:TYR:OH:PROT_ACCEPTOR_FROM_QUE_DONOR;A:46:TYR:OH:PROT_DONOR_TO_QUE_ACCEPTOR;A:84:ASN:O:PROT_ACCEPTOR_FROM_QUE_DONOR;A:85:ALA:N:PROT_DONOR_TO_QUE_ACCEPTOR,A:28:TYR:O:PROT_ACCEPTOR_FROM_QUE_DONOR;A:85:ALA:N:PROT_DONOR_TO_QUE_ACCEPTOR,A:46:TYR:OH:PROT_ACCEPTOR_FROM_QUE_DONOR;A:46:TYR:OH:PROT_DONOR_TO_QUE_ACCEPTOR;A:84:ASN:O:PROT_ACCEPTOR_FROM_QUE_DONOR,Tier_C_low_priority_pose,
buried_5_model_0_sample5_model,success,-8.664,0.379,Acceptable_pocket_alignment,10,6.883,0.5658,4.5,17,17,14,3,3,82.3529,17.6471,0.7,3.5,5,6,5,4,2,3,2,40.0,50.0,0.2857,A:107:VAL;A:109:LEU;A:11:PHE;A:12:THR;A:13:PRO;A:14:ALA;A:18:GLU;A:19:THR;A:20:LYS;A:22:PHE;A:61:LEU;A:63:LEU;A:73:VAL;A:75:VAL;A:92:LEU;A:94:VAL;A:96:ALA,A:107:VAL;A:109:LEU;A:11:PHE;A:12:THR;A:14:ALA;A:18:GLU;A:19:THR;A:20:LYS;A:22:PHE;A:37:ALA;A:61:LEU;A:63:LEU;A:73:VAL;A:7:ALA;A:94:VAL;A:96:ALA;A:9:ARG,A:107:VAL;A:109:LEU;A:11:PHE;A:12:THR;A:14:ALA;A:18:GLU;A:19:THR;A:20:LYS;A:22:PHE;A:61:LEU;A:63:LEU;A:73:VAL;A:94:VAL;A:96:ALA,A:37:ALA;A:7:ALA;A:9:ARG,A:12:THR:N:PROT_DONOR_TO_QUE_ACCEPTOR;A:12:THR:O:PROT_ACCEPTOR_FROM_QUE_DONOR;A:12:THR:OG1:PROT_DONOR_TO_QUE_ACCEPTOR;A:18:GLU:O:PROT_ACCEPTOR_FROM_QUE_DONOR;A:19:THR:N:PROT_DONOR_TO_QUE_ACCEPTOR,A:18:GLU:O:PROT_ACCEPTOR_FROM_QUE_DONOR;A:19:THR:N:PROT_DONOR_TO_QUE_ACCEPTOR;A:20:LYS:N:PROT_DONOR_TO_QUE_ACCEPTOR;A:94:VAL:O:PROT_ACCEPTOR_FROM_QUE_DONOR,A:18:GLU:O:PROT_ACCEPTOR_FROM_QUE_DONOR;A:19:THR:N:PROT_DONOR_TO_QUE_ACCEPTOR,A:20:LYS:N:PROT_DONOR_TO_QUE_ACCEPTOR;A:94:VAL:O:PROT_ACCEPTOR_FROM_QUE_DONOR,Tier_C_low_priority_pose,
buried_5_model_1_sample4_model,success,-5.899,0.6139,Acceptable_pocket_alignment,10,1.6686,1.3167,4.5,20,18,17,3,1,85.0,5.5556,0.8095,3.5,5,6,2,2,0,2,2,0.0,100.0,0.0,A:105:PHE;A:109:TYR;A:15:ILE;A:18:VAL;A:19:LEU;A:30:ARG;A:34:LEU;A:42:LEU;A:45:ALA;A:46:ILE;A:49:ARG;A:50:LEU;A:59:VAL;A:71:VAL;A:73:VAL;A:82:VAL;A:84:ILE;A:95:LEU;A:97:LEU;A:99:PRO,A:105:PHE;A:15:ILE;A:18:VAL;A:19:LEU;A:27:ALA;A:30:ARG;A:42:LEU;A:45:ALA;A:46:ILE;A:49:ARG;A:50:LEU;A:59:VAL;A:73:VAL;A:82:VAL;A:84:ILE;A:95:LEU;A:97:LEU;A:99:PRO,A:105:PHE;A:15:ILE;A:18:VAL;A:19:LEU;A:30:ARG;A:42:LEU;A:45:ALA;A:46:ILE;A:49:ARG;A:50:LEU;A:59:VAL;A:73:VAL;A:82:VAL;A:84:ILE;A:95:LEU;A:97:LEU;A:99:PRO,A:27:ALA,A:109:TYR:OH:PROT_ACCEPTOR_FROM_QUE_DONOR;A:109:TYR:OH:PROT_DONOR_TO_QUE_ACCEPTOR,A:45:ALA:O:PROT_ACCEPTOR_FROM_QUE_DONOR;A:46:ILE:N:PROT_DONOR_TO_QUE_ACCEPTOR,,A:45:ALA:O:PROT_ACCEPTOR_FROM_QUE_DONOR;A:46:ILE:N:PROT_DONOR_TO_QUE_ACCEPTOR,Tier_C_low_priority_pose,
buried_5_model_3_sample6_model,success,-7.811,1.6319,High_risk_pocket_deviation,10,6.9351,0.4465,4.5,16,14,12,4,2,75.0,14.2857,0.6667,3.5,5,6,9,9,3,6,6,33.3333,66.6667,0.2,A:24:PRO;A:25:PHE;A:27:GLU;A:28:PRO;A:29:VAL;A:34:LEU;A:37:LYS;A:38:TYR;A:49:MET;A:50:ASN;A:79:MET;A:82:ASP;A:83:ALA;A:86:PHE;A:87:ASN;A:93:VAL,A:24:PRO;A:25:PHE;A:27:GLU;A:29:VAL;A:34:LEU;A:37:LYS;A:41:TYR;A:48:PRO;A:49:MET;A:79:MET;A:82:ASP;A:83:ALA;A:87:ASN;A:93:VAL,A:24:PRO;A:25:PHE;A:27:GLU;A:29:VAL;A:34:LEU;A:37:LYS;A:49:MET;A:79:MET;A:82:ASP;A:83:ALA;A:87:ASN;A:93:VAL,A:41:TYR;A:48:PRO,A:27:GLU:O:PROT_ACCEPTOR_FROM_QUE_DONOR;A:37:LYS:NZ:PROT_DONOR_TO_QUE_ACCEPTOR;A:38:TYR:OH:PROT_ACCEPTOR_FROM_QUE_DONOR;A:38:TYR:OH:PROT_DONOR_TO_QUE_ACCEPTOR;A:49:MET:O:PROT_ACCEPTOR_FROM_QUE_DONOR;A:50:ASN:ND2:PROT_DONOR_TO_QUE_ACCEPTOR;A:83:ALA:N:PROT_DONOR_TO_QUE_ACCEPTOR;A:87:ASN:ND2:PROT_DONOR_TO_QUE_ACCEPTOR;A:87:ASN:OD1:PROT_ACCEPTOR_FROM_QUE_DONOR,A:24:PRO:O:PROT_ACCEPTOR_FROM_QUE_DONOR;A:37:LYS:NZ:PROT_DONOR_TO_QUE_ACCEPTOR;A:41:TYR:OH:PROT_ACCEPTOR_FROM_QUE_DONOR;A:41:TYR:OH:PROT_DONOR_TO_QUE_ACCEPTOR;A:49:MET:N:PROT_DONOR_TO_QUE_ACCEPTOR;A:49:MET:O:PROT_ACCEPTOR_FROM_QUE_DONOR;A:79:MET:O:PROT_ACCEPTOR_FROM_QUE_DONOR;A:82:ASP:OD2:PROT_ACCEPTOR_FROM_QUE_DONOR;A:87:ASN:OD1:PROT_ACCEPTOR_FROM_QUE_DONOR,A:37:LYS:NZ:PROT_DONOR_TO_QUE_ACCEPTOR;A:49:MET:O:PROT_ACCEPTOR_FROM_QUE_DONOR;A:87:ASN:OD1:PROT_ACCEPTOR_FROM_QUE_DONOR,A:24:PRO:O:PROT_ACCEPTOR_FROM_QUE_DONOR;A:41:TYR:OH:PROT_ACCEPTOR_FROM_QUE_DONOR;A:41:TYR:OH:PROT_DONOR_TO_QUE_ACCEPTOR;A:49:MET:N:PROT_DONOR_TO_QUE_ACCEPTOR;A:79:MET:O:PROT_ACCEPTOR_FROM_QUE_DONOR;A:82:ASP:OD2:PROT_ACCEPTOR_FROM_QUE_DONOR,Tier_C_low_priority_pose,
buried_5_model_6_sample8_model,success,-7.745,0.4773,Acceptable_pocket_alignment,10,0.8982,0.6986,4.5,21,20,20,1,0,95.2381,0.0,0.9524,3.5,5,6,5,5,3,2,2,60.0,40.0,0.4286,A:102:ILE;A:106:VAL;A:25:MET;A:27:VAL;A:30:ALA;A:31:ALA;A:34:LEU;A:49:ILE;A:50:LYS;A:51:GLY;A:59:PHE;A:60:GLU;A:61:GLY;A:62:VAL;A:63:ALA;A:64:ARG;A:66:ALA;A:69:VAL;A:71:LEU;A:85:ILE;A:98:LEU,A:102:ILE;A:106:VAL;A:25:MET;A:27:VAL;A:30:ALA;A:31:ALA;A:34:LEU;A:49:ILE;A:50:LYS;A:51:GLY;A:59:PHE;A:60:GLU;A:61:GLY;A:62:VAL;A:63:ALA;A:64:ARG;A:66:ALA;A:69:VAL;A:71:LEU;A:85:ILE,A:102:ILE;A:106:VAL;A:25:MET;A:27:VAL;A:30:ALA;A:31:ALA;A:34:LEU;A:49:ILE;A:50:LYS;A:51:GLY;A:59:PHE;A:60:GLU;A:61:GLY;A:62:VAL;A:63:ALA;A:64:ARG;A:66:ALA;A:69:VAL;A:71:LEU;A:85:ILE,,A:25:MET:SD:PROT_ACCEPTOR_FROM_QUE_DONOR;A:31:ALA:N:PROT_DONOR_TO_QUE_ACCEPTOR;A:51:GLY:N:PROT_DONOR_TO_QUE_ACCEPTOR;A:64:ARG:N:PROT_DONOR_TO_QUE_ACCEPTOR;A:64:ARG:O:PROT_ACCEPTOR_FROM_QUE_DONOR,A:31:ALA:N:PROT_DONOR_TO_QUE_ACCEPTOR;A:51:GLY:N:PROT_DONOR_TO_QUE_ACCEPTOR;A:61:GLY:N:PROT_DONOR_TO_QUE_ACCEPTOR;A:62:VAL:O:PROT_ACCEPTOR_FROM_QUE_DONOR;A:64:ARG:N:PROT_DONOR_TO_QUE_ACCEPTOR,A:31:ALA:N:PROT_DONOR_TO_QUE_ACCEPTOR;A:51:GLY:N:PROT_DONOR_TO_QUE_ACCEPTOR;A:64:ARG:N:PROT_DONOR_TO_QUE_ACCEPTOR,A:61:GLY:N:PROT_DONOR_TO_QUE_ACCEPTOR;A:62:VAL:O:PROT_ACCEPTOR_FROM_QUE_DONOR,Tier_A_connectivity_and_polar_supported_pose,
buried_5_model_9_sample7_model,success,-5.921,0.453,Acceptable_pocket_alignment,10,8.7953,6.2254,4.5,14,10,8,6,2,57.1429,20.0,0.5,3.5,5,6,5,4,0,5,4,0.0,100.0,0.0,A:105:VAL;A:50:ALA;A:53:LEU;A:54:THR;A:57:ASN;A:58:ALA;A:61:VAL;A:62:ALA;A:65:LEU;A:72:ALA;A:73:THR;A:74:VAL;A:75:THR;A:76:VAL,A:57:ASN;A:58:ALA;A:61:VAL;A:62:ALA;A:65:LEU;A:66:ALA;A:70:LEU;A:72:ALA;A:73:THR;A:74:VAL,A:57:ASN;A:58:ALA;A:61:VAL;A:62:ALA;A:65:LEU;A:72:ALA;A:73:THR;A:74:VAL,A:66:ALA;A:70:LEU,A:53:LEU:O:PROT_ACCEPTOR_FROM_QUE_DONOR;A:54:THR:N:PROT_DONOR_TO_QUE_ACCEPTOR;A:54:THR:OG1:PROT_ACCEPTOR_FROM_QUE_DONOR;A:54:THR:OG1:PROT_DONOR_TO_QUE_ACCEPTOR;A:57:ASN:ND2:PROT_DONOR_TO_QUE_ACCEPTOR,A:62:ALA:O:PROT_ACCEPTOR_FROM_QUE_DONOR;A:66:ALA:N:PROT_DONOR_TO_QUE_ACCEPTOR;A:74:VAL:N:PROT_DONOR_TO_QUE_ACCEPTOR;A:74:VAL:O:PROT_ACCEPTOR_FROM_QUE_DONOR,,A:62:ALA:O:PROT_ACCEPTOR_FROM_QUE_DONOR;A:66:ALA:N:PROT_DONOR_TO_QUE_ACCEPTOR;A:74:VAL:N:PROT_DONOR_TO_QUE_ACCEPTOR;A:74:VAL:O:PROT_ACCEPTOR_FROM_QUE_DONOR,Tier_C_low_priority_pose,
buried_6_model_1_sample5_model,success,-7.895,0.4636,Acceptable_pocket_alignment,10,1.3126,0.2991,4.5,16,13,12,4,1,75.0,7.6923,0.7059,3.5,5,6,0,3,0,0,3,,100.0,0.0,A:103:ALA;A:107:LEU;A:18:VAL;A:22:ILE;A:28:MET;A:31:GLY;A:32:ARG;A:35:VAL;A:38:LEU;A:50:ILE;A:53:ARG;A:54:ARG;A:91:ALA;A:94:ALA;A:95:VAL;A:99:ALA,A:18:VAL;A:22:ILE;A:28:MET;A:31:GLY;A:32:ARG;A:35:VAL;A:38:LEU;A:50:ILE;A:53:ARG;A:54:ARG;A:94:ALA;A:95:VAL;A:98:VAL,A:18:VAL;A:22:ILE;A:28:MET;A:31:GLY;A:32:ARG;A:35:VAL;A:38:LEU;A:50:ILE;A:53:ARG;A:54:ARG;A:94:ALA;A:95:VAL,A:98:VAL,,A:28:MET:O:PROT_ACCEPTOR_FROM_QUE_DONOR;A:32:ARG:N:PROT_DONOR_TO_QUE_ACCEPTOR;A:94:ALA:O:PROT_ACCEPTOR_FROM_QUE_DONOR,,A:28:MET:O:PROT_ACCEPTOR_FROM_QUE_DONOR;A:32:ARG:N:PROT_DONOR_TO_QUE_ACCEPTOR;A:94:ALA:O:PROT_ACCEPTOR_FROM_QUE_DONOR,Tier_A_connectivity_and_polar_supported_pose,
buried_6_model_3_sample2_model,success,-9.082,0.6459,Acceptable_pocket_alignment,10,1.7552,0.9097,4.5,18,18,17,1,1,94.4444,5.5556,0.8947,3.5,5,6,3,7,3,0,4,100.0,57.1429,0.4286,A:103:ALA;A:104:VAL;A:107:VAL;A:110:HIS;A:113:ARG;A:114:ALA;A:117:LEU;A:26:ALA;A:27:ALA;A:30:ALA;A:31:ALA;A:34:ARG;A:42:LEU;A:45:ALA;A:48:PHE;A:49:ILE;A:91:ARG;A:95:ASP,A:103:ALA;A:104:VAL;A:107:VAL;A:110:HIS;A:113:ARG;A:114:ALA;A:117:LEU;A:23:LEU;A:26:ALA;A:27:ALA;A:30:ALA;A:31:ALA;A:34:ARG;A:42:LEU;A:45:ALA;A:48:PHE;A:49:ILE;A:91:ARG,A:103:ALA;A:104:VAL;A:107:VAL;A:110:HIS;A:113:ARG;A:114:ALA;A:117:LEU;A:26:ALA;A:27:ALA;A:30:ALA;A:31:ALA;A:34:ARG;A:42:LEU;A:45:ALA;A:48:PHE;A:49:ILE;A:91:ARG,A:23:LEU,A:34:ARG:NE:PROT_DONOR_TO_QUE_ACCEPTOR;A:34:ARG:NH2:PROT_DONOR_TO_QUE_ACCEPTOR;A:91:ARG:NE:PROT_DONOR_TO_QUE_ACCEPTOR,A:103:ALA:O:PROT_ACCEPTOR_FROM_QUE_DONOR;A:113:ARG:NH1:PROT_DONOR_TO_QUE_ACCEPTOR;A:26:ALA:O:PROT_ACCEPTOR_FROM_QUE_DONOR;A:27:ALA:N:PROT_DONOR_TO_QUE_ACCEPTOR;A:34:ARG:NE:PROT_DONOR_TO_QUE_ACCEPTOR;A:34:ARG:NH2:PROT_DONOR_TO_QUE_ACCEPTOR;A:91:ARG:NE:PROT_DONOR_TO_QUE_ACCEPTOR,A:34:ARG:NE:PROT_DONOR_TO_QUE_ACCEPTOR;A:34:ARG:NH2:PROT_DONOR_TO_QUE_ACCEPTOR;A:91:ARG:NE:PROT_DONOR_TO_QUE_ACCEPTOR,A:103:ALA:O:PROT_ACCEPTOR_FROM_QUE_DONOR;A:113:ARG:NH1:PROT_DONOR_TO_QUE_ACCEPTOR;A:26:ALA:O:PROT_ACCEPTOR_FROM_QUE_DONOR;A:27:ALA:N:PROT_DONOR_TO_QUE_ACCEPTOR,Tier_A_connectivity_and_polar_supported_pose,
buried_6_model_5_sample3_model,success,-9.284,0.2934,Acceptable_pocket_alignment,9,3.4403,2.6163,4.5,18,16,13,5,3,72.2222,18.75,0.619,3.5,5,6,4,6,2,2,4,50.0,66.6667,0.25,A:101:LEU;A:105:HIS;A:119:THR;A:120:ALA;A:126:LEU;A:127:CYS;A:128:ALA;A:22:ALA;A:24:LEU;A:34:VAL;A:36:VAL;A:48:LEU;A:50:VAL;A:55:SER;A:58:LEU;A:65:VAL;A:81:PHE;A:98:THR,A:101:LEU;A:119:THR;A:120:ALA;A:121:ARG;A:126:LEU;A:127:CYS;A:128:ALA;A:34:VAL;A:36:VAL;A:50:VAL;A:55:SER;A:58:LEU;A:81:PHE;A:92:VAL;A:93:LEU;A:98:THR,A:101:LEU;A:119:THR;A:120:ALA;A:126:LEU;A:127:CYS;A:128:ALA;A:34:VAL;A:36:VAL;A:50:VAL;A:55:SER;A:58:LEU;A:81:PHE;A:98:THR,A:121:ARG;A:92:VAL;A:93:LEU,A:127:CYS:N:PROT_DONOR_TO_QUE_ACCEPTOR;A:127:CYS:O:PROT_ACCEPTOR_FROM_QUE_DONOR;A:98:THR:OG1:PROT_ACCEPTOR_FROM_QUE_DONOR;A:98:THR:OG1:PROT_DONOR_TO_QUE_ACCEPTOR,A:119:THR:OG1:PROT_ACCEPTOR_FROM_QUE_DONOR;A:119:THR:OG1:PROT_DONOR_TO_QUE_ACCEPTOR;A:120:ALA:N:PROT_DONOR_TO_QUE_ACCEPTOR;A:120:ALA:O:PROT_ACCEPTOR_FROM_QUE_DONOR;A:127:CYS:N:PROT_DONOR_TO_QUE_ACCEPTOR;A:127:CYS:O:PROT_ACCEPTOR_FROM_QUE_DONOR,A:127:CYS:N:PROT_DONOR_TO_QUE_ACCEPTOR;A:127:CYS:O:PROT_ACCEPTOR_FROM_QUE_DONOR,A:119:THR:OG1:PROT_ACCEPTOR_FROM_QUE_DONOR;A:119:THR:OG1:PROT_DONOR_TO_QUE_ACCEPTOR;A:120:ALA:N:PROT_DONOR_TO_QUE_ACCEPTOR;A:120:ALA:O:PROT_ACCEPTOR_FROM_QUE_DONOR,Tier_C_low_priority_pose,
buried_6_model_7_sample10_model,success,-8.115,0.3979,Acceptable_pocket_alignment,8,6.3438,1.6843,4.5,16,14,9,7,5,56.25,35.7143,0.4286,3.5,5,6,1,5,0,1,5,0.0,100.0,0.0,A:101:CYS;A:105:VAL;A:109:LEU;A:121:LEU;A:15:LEU;A:16:GLY;A:32:VAL;A:33:VAL;A:34:PRO;A:35:VAL;A:38:ALA;A:41:LEU;A:52:LEU;A:53:ALA;A:56:PHE;A:96:ILE,A:121:LEU;A:13:HIS;A:15:LEU;A:16:GLY;A:32:VAL;A:34:PRO;A:38:ALA;A:39:GLU;A:41:LEU;A:42:LEU;A:49:VAL;A:52:LEU;A:79:ILE;A:96:ILE,A:121:LEU;A:15:LEU;A:16:GLY;A:32:VAL;A:34:PRO;A:38:ALA;A:41:LEU;A:52:LEU;A:96:ILE,A:13:HIS;A:39:GLU;A:42:LEU;A:49:VAL;A:79:ILE,A:15:LEU:O:PROT_ACCEPTOR_FROM_QUE_DONOR,A:13:HIS:ND1:PROT_ACCEPTOR_FROM_QUE_DONOR;A:13:HIS:ND1:PROT_DONOR_TO_QUE_ACCEPTOR;A:16:GLY:N:PROT_DONOR_TO_QUE_ACCEPTOR;A:38:ALA:O:PROT_ACCEPTOR_FROM_QUE_DONOR;A:42:LEU:N:PROT_DONOR_TO_QUE_ACCEPTOR,,A:13:HIS:ND1:PROT_ACCEPTOR_FROM_QUE_DONOR;A:13:HIS:ND1:PROT_DONOR_TO_QUE_ACCEPTOR;A:16:GLY:N:PROT_DONOR_TO_QUE_ACCEPTOR;A:38:ALA:O:PROT_ACCEPTOR_FROM_QUE_DONOR;A:42:LEU:N:PROT_DONOR_TO_QUE_ACCEPTOR,Tier_C_low_priority_pose,
buried_6_model_8_sample9_model,success,-8.035,0.5645,Acceptable_pocket_alignment,10,6.6757,4.6357,4.5,13,13,8,5,5,61.5385,38.4615,0.4444,3.5,5,6,3,6,0,3,6,0.0,100.0,0.0,A:101:GLY;A:102:ARG;A:103:GLN;A:108:ALA;A:109:PRO;A:111:TYR;A:113:LEU;A:128:ALA;A:130:ALA;A:13:SER;A:39:ARG;A:41:LEU;A:50:ILE,A:101:GLY;A:102:ARG;A:103:GLN;A:108:ALA;A:109:PRO;A:110:ALA;A:111:TYR;A:126:SER;A:127:GLU;A:128:ALA;A:43:ILE;A:44:PRO;A:50:ILE,A:101:GLY;A:102:ARG;A:103:GLN;A:108:ALA;A:109:PRO;A:111:TYR;A:128:ALA;A:50:ILE,A:110:ALA;A:126:SER;A:127:GLU;A:43:ILE;A:44:PRO,A:103:GLN:OE1:PROT_ACCEPTOR_FROM_QUE_DONOR;A:13:SER:OG:PROT_ACCEPTOR_FROM_QUE_DONOR;A:13:SER:OG:PROT_DONOR_TO_QUE_ACCEPTOR,A:101:GLY:O:PROT_ACCEPTOR_FROM_QUE_DONOR;A:102:ARG:N:PROT_DONOR_TO_QUE_ACCEPTOR;A:103:GLN:N:PROT_DONOR_TO_QUE_ACCEPTOR;A:109:PRO:O:PROT_ACCEPTOR_FROM_QUE_DONOR;A:126:SER:O:PROT_ACCEPTOR_FROM_QUE_DONOR;A:44:PRO:O:PROT_ACCEPTOR_FROM_QUE_DONOR,,A:101:GLY:O:PROT_ACCEPTOR_FROM_QUE_DONOR;A:102:ARG:N:PROT_DONOR_TO_QUE_ACCEPTOR;A:103:GLN:N:PROT_DONOR_TO_QUE_ACCEPTOR;A:109:PRO:O:PROT_ACCEPTOR_FROM_QUE_DONOR;A:126:SER:O:PROT_ACCEPTOR_FROM_QUE_DONOR;A:44:PRO:O:PROT_ACCEPTOR_FROM_QUE_DONOR,Tier_C_low_priority_pose,
buried_7_model_0_sample3_model,success,-7.779,0.5113,Acceptable_pocket_alignment,10,3.3245,1.71,4.5,16,15,12,4,3,75.0,20.0,0.6316,3.5,5,6,4,3,1,3,2,25.0,66.6667,0.1667,A:103:LEU;A:11:MET;A:120:ILE;A:127:LEU;A:14:ALA;A:18:TYR;A:39:GLN;A:43:VAL;A:46:ALA;A:49:HIS;A:50:ALA;A:65:LEU;A:68:LEU;A:69:ALA;A:72:PHE;A:99:LEU,A:103:LEU;A:116:GLU;A:119:PHE;A:11:MET;A:120:ILE;A:123:SER;A:14:ALA;A:18:TYR;A:39:GLN;A:43:VAL;A:46:ALA;A:49:HIS;A:50:ALA;A:65:LEU;A:72:PHE,A:103:LEU;A:11:MET;A:120:ILE;A:14:ALA;A:18:TYR;A:39:GLN;A:43:VAL;A:46:ALA;A:49:HIS;A:50:ALA;A:65:LEU;A:72:PHE,A:116:GLU;A:119:PHE;A:123:SER,A:18:TYR:OH:PROT_ACCEPTOR_FROM_QUE_DONOR;A:18:TYR:OH:PROT_DONOR_TO_QUE_ACCEPTOR;A:39:GLN:NE2:PROT_DONOR_TO_QUE_ACCEPTOR;A:46:ALA:O:PROT_ACCEPTOR_FROM_QUE_DONOR,A:123:SER:OG:PROT_ACCEPTOR_FROM_QUE_DONOR;A:123:SER:OG:PROT_DONOR_TO_QUE_ACCEPTOR;A:39:GLN:NE2:PROT_DONOR_TO_QUE_ACCEPTOR,A:39:GLN:NE2:PROT_DONOR_TO_QUE_ACCEPTOR,A:123:SER:OG:PROT_ACCEPTOR_FROM_QUE_DONOR;A:123:SER:OG:PROT_DONOR_TO_QUE_ACCEPTOR,Tier_C_low_priority_pose,
buried_7_model_2_sample4_model,success,-8.255,0.3662,Acceptable_pocket_alignment,10,1.294,1.188,4.5,17,15,14,3,1,82.3529,6.6667,0.7778,3.5,5,6,2,3,2,0,1,100.0,33.3333,0.6667,A:108:ILE;A:12:TYR;A:28:LEU;A:37:VAL;A:39:LEU;A:50:LEU;A:52:LEU;A:54:ALA;A:56:ASN;A:61:LEU;A:63:VAL;A:65:VAL;A:67:VAL;A:69:PHE;A:96:HIS;A:99:LEU;A:9:ASN,A:105:LEU;A:108:ILE;A:12:TYR;A:28:LEU;A:37:VAL;A:39:LEU;A:50:LEU;A:52:LEU;A:54:ALA;A:63:VAL;A:65:VAL;A:69:PHE;A:96:HIS;A:99:LEU;A:9:ASN,A:108:ILE;A:12:TYR;A:28:LEU;A:37:VAL;A:39:LEU;A:50:LEU;A:52:LEU;A:54:ALA;A:63:VAL;A:65:VAL;A:69:PHE;A:96:HIS;A:99:LEU;A:9:ASN,A:105:LEU,A:96:HIS:ND1:PROT_ACCEPTOR_FROM_QUE_DONOR;A:96:HIS:ND1:PROT_DONOR_TO_QUE_ACCEPTOR,A:96:HIS:ND1:PROT_ACCEPTOR_FROM_QUE_DONOR;A:96:HIS:ND1:PROT_DONOR_TO_QUE_ACCEPTOR;A:9:ASN:OD1:PROT_ACCEPTOR_FROM_QUE_DONOR,A:96:HIS:ND1:PROT_ACCEPTOR_FROM_QUE_DONOR;A:96:HIS:ND1:PROT_DONOR_TO_QUE_ACCEPTOR,A:9:ASN:OD1:PROT_ACCEPTOR_FROM_QUE_DONOR,Tier_B_partially_supported_pose,
buried_7_model_7_sample5_model,success,-7.231,0.5293,Acceptable_pocket_alignment,10,6.746,1.6573,4.5,22,19,18,4,1,81.8182,5.2632,0.7826,3.5,5,6,6,8,3,3,5,50.0,62.5,0.2727,A:111:VAL;A:113:ILE;A:115:GLN;A:126:PHE;A:131:ILE;A:23:TYR;A:24:GLU;A:27:VAL;A:33:LEU;A:35:PHE;A:39:LYS;A:40:LEU;A:41:PRO;A:47:LEU;A:52:ILE;A:55:THR;A:75:TYR;A:79:PHE;A:82:LYS;A:93:ASP;A:95:LEU;A:97:ASP,A:113:ILE;A:115:GLN;A:126:PHE;A:128:ILE;A:131:ILE;A:23:TYR;A:24:GLU;A:27:VAL;A:33:LEU;A:35:PHE;A:40:LEU;A:41:PRO;A:52:ILE;A:75:TYR;A:79:PHE;A:82:LYS;A:93:ASP;A:95:LEU;A:97:ASP,A:113:ILE;A:115:GLN;A:126:PHE;A:131:ILE;A:23:TYR;A:24:GLU;A:27:VAL;A:33:LEU;A:35:PHE;A:40:LEU;A:41:PRO;A:52:ILE;A:75:TYR;A:79:PHE;A:82:LYS;A:93:ASP;A:95:LEU;A:97:ASP,A:128:ILE,A:115:GLN:OE1:PROT_ACCEPTOR_FROM_QUE_DONOR;A:24:GLU:OE1:PROT_ACCEPTOR_FROM_QUE_DONOR;A:24:GLU:OE2:PROT_ACCEPTOR_FROM_QUE_DONOR;A:55:THR:OG1:PROT_ACCEPTOR_FROM_QUE_DONOR;A:55:THR:OG1:PROT_DONOR_TO_QUE_ACCEPTOR;A:82:LYS:NZ:PROT_DONOR_TO_QUE_ACCEPTOR,A:115:GLN:NE2:PROT_DONOR_TO_QUE_ACCEPTOR;A:115:GLN:OE1:PROT_ACCEPTOR_FROM_QUE_DONOR;A:24:GLU:OE1:PROT_ACCEPTOR_FROM_QUE_DONOR;A:75:TYR:OH:PROT_ACCEPTOR_FROM_QUE_DONOR;A:75:TYR:OH:PROT_DONOR_TO_QUE_ACCEPTOR;A:82:LYS:NZ:PROT_DONOR_TO_QUE_ACCEPTOR;A:93:ASP:OD2:PROT_ACCEPTOR_FROM_QUE_DONOR;A:97:ASP:OD2:PROT_ACCEPTOR_FROM_QUE_DONOR,A:115:GLN:OE1:PROT_ACCEPTOR_FROM_QUE_DONOR;A:24:GLU:OE1:PROT_ACCEPTOR_FROM_QUE_DONOR;A:82:LYS:NZ:PROT_DONOR_TO_QUE_ACCEPTOR,A:115:GLN:NE2:PROT_DONOR_TO_QUE_ACCEPTOR;A:75:TYR:OH:PROT_ACCEPTOR_FROM_QUE_DONOR;A:75:TYR:OH:PROT_DONOR_TO_QUE_ACCEPTOR;A:93:ASP:OD2:PROT_ACCEPTOR_FROM_QUE_DONOR;A:97:ASP:OD2:PROT_ACCEPTOR_FROM_QUE_DONOR,Tier_C_low_priority_pose,
buried_7_model_9_sample4_model,success,-8.519,0.6061,Acceptable_pocket_alignment,10,2.064,1.095,4.5,18,14,14,4,0,77.7778,0.0,0.7778,3.5,5,6,10,5,5,5,0,50.0,0.0,0.5,A:115:VAL;A:119:THR;A:122:GLN;A:19:TRP;A:20:THR;A:23:ALA;A:24:ALA;A:27:VAL;A:28:PRO;A:29:VAL;A:32:LEU;A:41:VAL;A:44:VAL;A:45:THR;A:48:ALA;A:51:LEU;A:90:LEU;A:94:PHE,A:115:VAL;A:119:THR;A:122:GLN;A:19:TRP;A:20:THR;A:23:ALA;A:24:ALA;A:27:VAL;A:28:PRO;A:29:VAL;A:48:ALA;A:51:LEU;A:90:LEU;A:94:PHE,A:115:VAL;A:119:THR;A:122:GLN;A:19:TRP;A:20:THR;A:23:ALA;A:24:ALA;A:27:VAL;A:28:PRO;A:29:VAL;A:48:ALA;A:51:LEU;A:90:LEU;A:94:PHE,,A:119:THR:OG1:PROT_ACCEPTOR_FROM_QUE_DONOR;A:119:THR:OG1:PROT_DONOR_TO_QUE_ACCEPTOR;A:122:GLN:OE1:PROT_ACCEPTOR_FROM_QUE_DONOR;A:19:TRP:NE1:PROT_DONOR_TO_QUE_ACCEPTOR;A:23:ALA:O:PROT_ACCEPTOR_FROM_QUE_DONOR;A:24:ALA:N:PROT_DONOR_TO_QUE_ACCEPTOR;A:27:VAL:O:PROT_ACCEPTOR_FROM_QUE_DONOR;A:45:THR:N:PROT_DONOR_TO_QUE_ACCEPTOR;A:45:THR:OG1:PROT_ACCEPTOR_FROM_QUE_DONOR;A:45:THR:OG1:PROT_DONOR_TO_QUE_ACCEPTOR,A:119:THR:OG1:PROT_ACCEPTOR_FROM_QUE_DONOR;A:119:THR:OG1:PROT_DONOR_TO_QUE_ACCEPTOR;A:122:GLN:OE1:PROT_ACCEPTOR_FROM_QUE_DONOR;A:19:TRP:NE1:PROT_DONOR_TO_QUE_ACCEPTOR;A:27:VAL:O:PROT_ACCEPTOR_FROM_QUE_DONOR,A:119:THR:OG1:PROT_ACCEPTOR_FROM_QUE_DONOR;A:119:THR:OG1:PROT_DONOR_TO_QUE_ACCEPTOR;A:122:GLN:OE1:PROT_ACCEPTOR_FROM_QUE_DONOR;A:19:TRP:NE1:PROT_DONOR_TO_QUE_ACCEPTOR;A:27:VAL:O:PROT_ACCEPTOR_FROM_QUE_DONOR,,Tier_B_partially_supported_pose,
buried_8_model_2_sample7_model,success,-5.279,0.452,Acceptable_pocket_alignment,10,13.5304,11.948,4.5,22,9,1,21,8,4.5455,88.8889,0.0333,3.5,5,6,10,5,0,10,5,0.0,100.0,0.0,A:107:ILE;A:109:LEU;A:114:ILE;A:115:PRO;A:116:ALA;A:117:GLY;A:118:ALA;A:119:GLN;A:120:ILE;A:24:ASP;A:25:GLY;A:26:SER;A:29:LEU;A:49:HIS;A:73:VAL;A:74:ILE;A:75:ALA;A:76:ALA;A:79:ALA;A:83:VAL;A:84:LEU;A:87:SER,A:106:GLU;A:108:ASP;A:110:GLY;A:111:HIS;A:112:GLU;A:77:LYS;A:78:GLY;A:84:LEU;A:88:ARG,A:84:LEU,A:106:GLU;A:108:ASP;A:110:GLY;A:111:HIS;A:112:GLU;A:77:LYS;A:78:GLY;A:88:ARG,A:117:GLY:N:PROT_DONOR_TO_QUE_ACCEPTOR;A:120:ILE:O:PROT_ACCEPTOR_FROM_QUE_DONOR;A:26:SER:OG:PROT_ACCEPTOR_FROM_QUE_DONOR;A:26:SER:OG:PROT_DONOR_TO_QUE_ACCEPTOR;A:49:HIS:NE2:PROT_ACCEPTOR_FROM_QUE_DONOR;A:49:HIS:NE2:PROT_DONOR_TO_QUE_ACCEPTOR;A:74:ILE:O:PROT_ACCEPTOR_FROM_QUE_DONOR;A:83:VAL:O:PROT_ACCEPTOR_FROM_QUE_DONOR;A:87:SER:OG:PROT_ACCEPTOR_FROM_QUE_DONOR;A:87:SER:OG:PROT_DONOR_TO_QUE_ACCEPTOR,A:106:GLU:OE2:PROT_ACCEPTOR_FROM_QUE_DONOR;A:108:ASP:OD1:PROT_ACCEPTOR_FROM_QUE_DONOR;A:108:ASP:OD2:PROT_ACCEPTOR_FROM_QUE_DONOR;A:111:HIS:N:PROT_DONOR_TO_QUE_ACCEPTOR;A:111:HIS:O:PROT_ACCEPTOR_FROM_QUE_DONOR,,A:106:GLU:OE2:PROT_ACCEPTOR_FROM_QUE_DONOR;A:108:ASP:OD1:PROT_ACCEPTOR_FROM_QUE_DONOR;A:108:ASP:OD2:PROT_ACCEPTOR_FROM_QUE_DONOR;A:111:HIS:N:PROT_DONOR_TO_QUE_ACCEPTOR;A:111:HIS:O:PROT_ACCEPTOR_FROM_QUE_DONOR,Tier_C_low_priority_pose,
