receptor_id,analysis_status,vina_affinity_kcal_mol,connectivity_aware_in_place_rmsd_A,centroid_shift_A,contact_recovery_percent,new_contact_percent_of_docked,contact_jaccard,pocket_alignment_rmsd_A,pocket_alignment_risk,redocking_validation_tier,md_selection_bucket,reference_contact_residues,docked_contact_residues,recovered_contact_residues,new_contact_residues,stereo_handling_note,error
buried_0_model_0_sample1_model,success,-5.184,4.3917,0.6826,90.0,0.0,0.9,0.3768,Acceptable_pocket_alignment,Tier_C_low_priority_pose,Not_priority_for_initial_MD,A:32:PHE;A:33:GLN;A:36:ILE;A:37:ARG;A:64:ALA;A:65:SER;A:66:GLU;A:74:ALA;A:75:THR;A:76:LEU,A:32:PHE;A:33:GLN;A:36:ILE;A:37:ARG;A:64:ALA;A:65:SER;A:66:GLU;A:74:ALA;A:75:THR,A:32:PHE;A:33:GLN;A:36:ILE;A:37:ARG;A:64:ALA;A:65:SER;A:66:GLU;A:74:ALA;A:75:THR,,RMSD calculated in fixed receptor coordinates using connectivity-aware matching after removing unreliable stereo labels from PDB-derived reference ligand.,
buried_0_model_2_sample4_model,success,-5.19,4.4658,0.992,100.0,7.1429,0.9286,0.4014,Acceptable_pocket_alignment,Tier_C_low_priority_pose,Not_priority_for_initial_MD,A:11:VAL;A:15:VAL;A:24:LEU;A:29:VAL;A:32:LYS;A:33:LEU;A:36:ILE;A:51:TYR;A:64:PHE;A:73:ALA;A:74:ILE;A:77:GLY;A:78:LEU,A:11:VAL;A:15:VAL;A:24:LEU;A:29:VAL;A:32:LYS;A:33:LEU;A:36:ILE;A:44:VAL;A:51:TYR;A:64:PHE;A:73:ALA;A:74:ILE;A:77:GLY;A:78:LEU,A:11:VAL;A:15:VAL;A:24:LEU;A:29:VAL;A:32:LYS;A:33:LEU;A:36:ILE;A:51:TYR;A:64:PHE;A:73:ALA;A:74:ILE;A:77:GLY;A:78:LEU,A:44:VAL,RMSD calculated in fixed receptor coordinates using connectivity-aware matching after removing unreliable stereo labels from PDB-derived reference ligand.,
buried_0_model_5_sample7_model,success,-7.191,4.5566,0.6466,100.0,14.2857,0.8571,0.1809,Acceptable_pocket_alignment,Tier_C_low_priority_pose,Not_priority_for_initial_MD,A:1:MET;A:16:ILE;A:18:LEU;A:27:PHE;A:29:VAL;A:47:ALA;A:50:ILE;A:58:TRP;A:59:SER;A:60:GLY;A:62:LEU;A:74:ALA,A:1:MET;A:16:ILE;A:18:LEU;A:27:PHE;A:29:VAL;A:47:ALA;A:50:ILE;A:58:TRP;A:59:SER;A:60:GLY;A:61:THR;A:62:LEU;A:72:ALA;A:74:ALA,A:1:MET;A:16:ILE;A:18:LEU;A:27:PHE;A:29:VAL;A:47:ALA;A:50:ILE;A:58:TRP;A:59:SER;A:60:GLY;A:62:LEU;A:74:ALA,A:61:THR;A:72:ALA,RMSD calculated in fixed receptor coordinates using connectivity-aware matching after removing unreliable stereo labels from PDB-derived reference ligand.,
buried_0_model_8_sample8_model,success,-6.058,4.2963,1.4178,75.0,30.7692,0.5625,0.3957,Acceptable_pocket_alignment,Tier_C_low_priority_pose,Not_priority_for_initial_MD,A:6:ALA;A:8:VAL;A:16:ALA;A:20:ALA;A:43:VAL;A:45:VAL;A:57:GLN;A:60:VAL;A:61:ALA;A:64:LEU;A:75:ALA;A:77:ALA,A:4:VAL;A:5:GLU;A:6:ALA;A:43:VAL;A:45:VAL;A:56:VAL;A:57:GLN;A:60:VAL;A:61:ALA;A:64:LEU;A:72:ALA;A:75:ALA;A:77:ALA,A:6:ALA;A:43:VAL;A:45:VAL;A:57:GLN;A:60:VAL;A:61:ALA;A:64:LEU;A:75:ALA;A:77:ALA,A:4:VAL;A:5:GLU;A:56:VAL;A:72:ALA,RMSD calculated in fixed receptor coordinates using connectivity-aware matching after removing unreliable stereo labels from PDB-derived reference ligand.,
buried_1_model_0_sample2_model,success,-5.956,4.4046,0.8767,83.3333,33.3333,0.5882,0.6647,Acceptable_pocket_alignment,Tier_C_low_priority_pose,Not_priority_for_initial_MD,A:50:VAL;A:52:VAL;A:60:VAL;A:63:GLY;A:64:ARG;A:65:LEU;A:75:ALA;A:76:ALA;A:82:SER;A:83:THR;A:84:ALA;A:97:ILE,A:50:VAL;A:52:VAL;A:60:VAL;A:62:SER;A:63:GLY;A:64:ARG;A:65:LEU;A:73:ALA;A:74:SER;A:75:ALA;A:82:SER;A:84:ALA;A:86:VAL;A:97:ILE;A:99:VAL,A:50:VAL;A:52:VAL;A:60:VAL;A:63:GLY;A:64:ARG;A:65:LEU;A:75:ALA;A:82:SER;A:84:ALA;A:97:ILE,A:62:SER;A:73:ALA;A:74:SER;A:86:VAL;A:99:VAL,RMSD calculated in fixed receptor coordinates using connectivity-aware matching after removing unreliable stereo labels from PDB-derived reference ligand.,
buried_1_model_3_sample1_model,success,-5.886,4.4958,0.1928,100.0,8.3333,0.9167,0.3235,Acceptable_pocket_alignment,Tier_C_low_priority_pose,Not_priority_for_initial_MD,A:23:PRO;A:24:PHE;A:28:PRO;A:29:PRO;A:32:PHE;A:40:MET;A:67:MET;A:70:ASN;A:71:ALA;A:74:TYR;A:80:VAL,A:23:PRO;A:24:PHE;A:28:PRO;A:29:PRO;A:32:PHE;A:40:MET;A:41:ASP;A:67:MET;A:70:ASN;A:71:ALA;A:74:TYR;A:80:VAL,A:23:PRO;A:24:PHE;A:28:PRO;A:29:PRO;A:32:PHE;A:40:MET;A:67:MET;A:70:ASN;A:71:ALA;A:74:TYR;A:80:VAL,A:41:ASP,RMSD calculated in fixed receptor coordinates using connectivity-aware matching after removing unreliable stereo labels from PDB-derived reference ligand.,
buried_1_model_5_sample2_model,success,-6.964,0.7057,0.0495,93.3333,0.0,0.9333,0.4034,Acceptable_pocket_alignment,Tier_A_connectivity_supported_pose,Primary_MD_shortlist,A:6:ALA;A:9:THR;A:10:ALA;A:13:ILE;A:29:ILE;A:32:ALA;A:36:PHE;A:42:LEU;A:45:ALA;A:48:ALA;A:49:LEU;A:52:ALA;A:74:ALA;A:89:LEU;A:92:ILE,A:6:ALA;A:9:THR;A:10:ALA;A:13:ILE;A:29:ILE;A:36:PHE;A:42:LEU;A:45:ALA;A:48:ALA;A:49:LEU;A:52:ALA;A:74:ALA;A:89:LEU;A:92:ILE,A:6:ALA;A:9:THR;A:10:ALA;A:13:ILE;A:29:ILE;A:36:PHE;A:42:LEU;A:45:ALA;A:48:ALA;A:49:LEU;A:52:ALA;A:74:ALA;A:89:LEU;A:92:ILE,,RMSD calculated in fixed receptor coordinates using connectivity-aware matching after removing unreliable stereo labels from PDB-derived reference ligand.,
buried_1_model_9_sample1_model,success,-6.733,1.65,0.5023,91.6667,8.3333,0.8462,0.4616,Acceptable_pocket_alignment,Tier_A_connectivity_supported_pose,Pose_supported_backup,A:8:VAL;A:37:LEU;A:45:ILE;A:46:ARG;A:49:LEU;A:61:ILE;A:64:ALA;A:68:VAL;A:84:ILE;A:86:VAL;A:95:THR;A:97:VAL,A:8:VAL;A:20:LEU;A:37:LEU;A:45:ILE;A:46:ARG;A:49:LEU;A:61:ILE;A:68:VAL;A:84:ILE;A:86:VAL;A:95:THR;A:97:VAL,A:8:VAL;A:37:LEU;A:45:ILE;A:46:ARG;A:49:LEU;A:61:ILE;A:68:VAL;A:84:ILE;A:86:VAL;A:95:THR;A:97:VAL,A:20:LEU,RMSD calculated in fixed receptor coordinates using connectivity-aware matching after removing unreliable stereo labels from PDB-derived reference ligand.,
buried_2_model_2_sample8_model,success,-7.953,4.1806,0.7126,92.8571,7.1429,0.8667,0.3185,Acceptable_pocket_alignment,Tier_C_low_priority_pose,Not_priority_for_initial_MD,A:9:TYR;A:18:ALA;A:20:ALA;A:32:VAL;A:34:VAL;A:36:ILE;A:51:VAL;A:53:LEU;A:77:VAL;A:79:THR;A:87:LEU;A:93:VAL;A:95:VAL;A:109:PHE,A:9:TYR;A:18:ALA;A:20:ALA;A:32:VAL;A:34:VAL;A:36:ILE;A:51:VAL;A:53:LEU;A:63:LEU;A:79:THR;A:87:LEU;A:93:VAL;A:95:VAL;A:109:PHE,A:9:TYR;A:18:ALA;A:20:ALA;A:32:VAL;A:34:VAL;A:36:ILE;A:51:VAL;A:53:LEU;A:79:THR;A:87:LEU;A:93:VAL;A:95:VAL;A:109:PHE,A:63:LEU,RMSD calculated in fixed receptor coordinates using connectivity-aware matching after removing unreliable stereo labels from PDB-derived reference ligand.,
buried_2_model_3_sample1_model,success,-6.129,1.0858,0.8237,92.8571,0.0,0.9286,0.3666,Acceptable_pocket_alignment,Tier_A_connectivity_supported_pose,Pose_supported_backup,A:19:LEU;A:22:LEU;A:26:LEU;A:36:ALA;A:40:ALA;A:43:LEU;A:73:VAL;A:78:LEU;A:82:ARG;A:85:LEU;A:96:ILE;A:99:ALA;A:100:LEU;A:103:VAL,A:22:LEU;A:26:LEU;A:36:ALA;A:40:ALA;A:43:LEU;A:73:VAL;A:78:LEU;A:82:ARG;A:85:LEU;A:96:ILE;A:99:ALA;A:100:LEU;A:103:VAL,A:22:LEU;A:26:LEU;A:36:ALA;A:40:ALA;A:43:LEU;A:73:VAL;A:78:LEU;A:82:ARG;A:85:LEU;A:96:ILE;A:99:ALA;A:100:LEU;A:103:VAL,,RMSD calculated in fixed receptor coordinates using connectivity-aware matching after removing unreliable stereo labels from PDB-derived reference ligand.,
buried_2_model_4_sample8_model,success,-6.095,4.4431,1.3123,61.5385,11.1111,0.5714,0.312,Acceptable_pocket_alignment,Tier_C_low_priority_pose,Not_priority_for_initial_MD,A:18:ALA;A:21:ALA;A:22:ARG;A:29:VAL;A:30:ALA;A:31:GLU;A:32:ALA;A:45:ALA;A:46:THR;A:47:SER;A:48:GLU;A:51:PHE;A:87:ILE,A:18:ALA;A:21:ALA;A:22:ARG;A:29:VAL;A:32:ALA;A:48:GLU;A:51:PHE;A:87:ILE;A:89:CYS,A:18:ALA;A:21:ALA;A:22:ARG;A:29:VAL;A:32:ALA;A:48:GLU;A:51:PHE;A:87:ILE,A:89:CYS,RMSD calculated in fixed receptor coordinates using connectivity-aware matching after removing unreliable stereo labels from PDB-derived reference ligand.,
buried_2_model_5_sample6_model,success,-6.917,1.4784,0.9452,91.6667,21.4286,0.7333,0.449,Acceptable_pocket_alignment,Tier_B_partially_supported_pose,Not_priority_for_initial_MD,A:8:ILE;A:11:ALA;A:12:ALA;A:38:ALA;A:53:PHE;A:55:VAL;A:57:ILE;A:64:LEU;A:66:VAL;A:77:TRP;A:90:LEU;A:92:VAL,A:8:ILE;A:11:ALA;A:12:ALA;A:34:VAL;A:35:ILE;A:38:ALA;A:39:PRO;A:53:PHE;A:55:VAL;A:57:ILE;A:64:LEU;A:77:TRP;A:90:LEU;A:92:VAL,A:8:ILE;A:11:ALA;A:12:ALA;A:38:ALA;A:53:PHE;A:55:VAL;A:57:ILE;A:64:LEU;A:77:TRP;A:90:LEU;A:92:VAL,A:34:VAL;A:35:ILE;A:39:PRO,RMSD calculated in fixed receptor coordinates using connectivity-aware matching after removing unreliable stereo labels from PDB-derived reference ligand.,
buried_2_model_7_sample5_model,success,-6.697,3.8643,3.2805,75.0,25.0,0.6,0.3836,Acceptable_pocket_alignment,Tier_C_low_priority_pose,Not_priority_for_initial_MD,A:22:ASN;A:29:ALA;A:41:PHE;A:43:CYS;A:56:VAL;A:58:VAL;A:72:LEU;A:77:VAL;A:82:LEU;A:85:ILE;A:102:LEU;A:106:LEU,A:41:PHE;A:43:CYS;A:56:VAL;A:58:VAL;A:68:LEU;A:72:LEU;A:82:LEU;A:85:ILE;A:102:LEU;A:106:LEU;A:110:ALA;A:113:THR,A:41:PHE;A:43:CYS;A:56:VAL;A:58:VAL;A:72:LEU;A:82:LEU;A:85:ILE;A:102:LEU;A:106:LEU,A:68:LEU;A:110:ALA;A:113:THR,RMSD calculated in fixed receptor coordinates using connectivity-aware matching after removing unreliable stereo labels from PDB-derived reference ligand.,
buried_2_model_8_sample7_model,success,-6.091,4.3886,1.3259,80.0,27.2727,0.6154,0.2406,Acceptable_pocket_alignment,Tier_C_low_priority_pose,Not_priority_for_initial_MD,A:30:PRO;A:31:PHE;A:33:GLU;A:35:VAL;A:40:TYR;A:43:TYR;A:82:ALA;A:85:TYR;A:91:ASP;A:94:THR,A:30:PRO;A:31:PHE;A:35:VAL;A:40:TYR;A:43:TYR;A:51:MET;A:78:MET;A:81:ASN;A:82:ALA;A:85:TYR;A:94:THR,A:30:PRO;A:31:PHE;A:35:VAL;A:40:TYR;A:43:TYR;A:82:ALA;A:85:TYR;A:94:THR,A:51:MET;A:78:MET;A:81:ASN,RMSD calculated in fixed receptor coordinates using connectivity-aware matching after removing unreliable stereo labels from PDB-derived reference ligand.,
buried_3_model_1_sample8_model,success,-5.784,1.7299,0.6928,100.0,8.3333,0.9167,0.3144,Acceptable_pocket_alignment,Tier_A_connectivity_supported_pose,Pose_supported_backup,A:8:LEU;A:11:ALA;A:36:LEU;A:39:LEU;A:58:VAL;A:59:PHE;A:62:VAL;A:78:ALA;A:81:ILE;A:85:MET;A:104:PHE,A:8:LEU;A:11:ALA;A:36:LEU;A:39:LEU;A:58:VAL;A:59:PHE;A:62:VAL;A:78:ALA;A:81:ILE;A:85:MET;A:100:ALA;A:104:PHE,A:8:LEU;A:11:ALA;A:36:LEU;A:39:LEU;A:58:VAL;A:59:PHE;A:62:VAL;A:78:ALA;A:81:ILE;A:85:MET;A:104:PHE,A:100:ALA,RMSD calculated in fixed receptor coordinates using connectivity-aware matching after removing unreliable stereo labels from PDB-derived reference ligand.,
buried_3_model_3_sample7_model,success,-6.904,2.0021,0.5553,92.8571,13.3333,0.8125,0.4347,Acceptable_pocket_alignment,Tier_B_partially_supported_pose,Not_priority_for_initial_MD,A:19:LEU;A:21:PHE;A:35:VAL;A:36:LEU;A:39:VAL;A:43:LEU;A:62:VAL;A:64:ILE;A:72:VAL;A:85:PHE;A:87:LEU;A:89:PHE;A:100:VAL;A:104:ALA,A:19:LEU;A:21:PHE;A:35:VAL;A:36:LEU;A:39:VAL;A:62:VAL;A:64:ILE;A:70:VAL;A:72:VAL;A:85:PHE;A:87:LEU;A:89:PHE;A:100:VAL;A:104:ALA;A:108:ILE,A:19:LEU;A:21:PHE;A:35:VAL;A:36:LEU;A:39:VAL;A:62:VAL;A:64:ILE;A:72:VAL;A:85:PHE;A:87:LEU;A:89:PHE;A:100:VAL;A:104:ALA,A:70:VAL;A:108:ILE,RMSD calculated in fixed receptor coordinates using connectivity-aware matching after removing unreliable stereo labels from PDB-derived reference ligand.,
buried_3_model_5_sample6_model,success,-6.07,4.7582,3.2277,72.7273,38.4615,0.5,0.9982,Borderline_pocket_deviation,Tier_C_low_priority_pose,Not_priority_for_initial_MD,A:23:ILE;A:26:VAL;A:27:ILE;A:30:LEU;A:42:LEU;A:46:LEU;A:56:LEU;A:60:VAL;A:74:VAL;A:87:VAL;A:99:LEU,A:23:ILE;A:42:LEU;A:45:VAL;A:46:LEU;A:56:LEU;A:60:VAL;A:70:LEU;A:72:LEU;A:74:VAL;A:76:VAL;A:87:VAL;A:99:LEU;A:101:LEU,A:23:ILE;A:42:LEU;A:46:LEU;A:56:LEU;A:60:VAL;A:74:VAL;A:87:VAL;A:99:LEU,A:45:VAL;A:70:LEU;A:72:LEU;A:76:VAL;A:101:LEU,RMSD calculated in fixed receptor coordinates using connectivity-aware matching after removing unreliable stereo labels from PDB-derived reference ligand.,
buried_4_model_0_sample7_model,success,-5.8,4.4096,0.6294,88.8889,20.0,0.7273,1.1407,High_risk_pocket_deviation,Tier_C_low_priority_pose,Not_priority_for_initial_MD,A:24:PRO;A:25:PHE;A:29:VAL;A:35:TYR;A:43:MET;A:70:MET;A:74:ALA;A:78:ASN;A:84:VAL,A:24:PRO;A:25:PHE;A:29:VAL;A:35:TYR;A:43:MET;A:44:ASP;A:70:MET;A:73:ASN;A:74:ALA;A:78:ASN,A:24:PRO;A:25:PHE;A:29:VAL;A:35:TYR;A:43:MET;A:70:MET;A:74:ALA;A:78:ASN,A:44:ASP;A:73:ASN,RMSD calculated in fixed receptor coordinates using connectivity-aware matching after removing unreliable stereo labels from PDB-derived reference ligand.,
buried_4_model_3_sample10_model,success,-4.128,12.9015,12.1769,0.0,100.0,0.0,0.7774,Acceptable_pocket_alignment,Tier_C_low_priority_pose,Not_priority_for_initial_MD,A:12:ILE;A:13:ILE;A:16:VAL;A:24:ILE;A:32:LEU;A:47:VAL;A:49:VAL;A:61:VAL;A:81:LEU;A:83:PHE;A:93:ILE;A:100:ILE,A:11:ARG;A:14:ALA;A:15:ALA;A:18:LYS;A:51:VAL;A:52:PRO,,A:11:ARG;A:14:ALA;A:15:ALA;A:18:LYS;A:51:VAL;A:52:PRO,RMSD calculated in fixed receptor coordinates using connectivity-aware matching after removing unreliable stereo labels from PDB-derived reference ligand.,
buried_4_model_5_sample5_model,success,-7.308,4.3461,1.3723,84.6154,8.3333,0.7857,0.3004,Acceptable_pocket_alignment,Tier_C_low_priority_pose,Not_priority_for_initial_MD,A:10:PHE;A:14:LEU;A:18:VAL;A:30:VAL;A:48:ALA;A:50:LEU;A:61:ILE;A:63:ALA;A:65:VAL;A:72:VAL;A:74:ILE;A:94:LEU;A:99:TRP,A:10:PHE;A:13:GLU;A:14:LEU;A:18:VAL;A:30:VAL;A:61:ILE;A:63:ALA;A:65:VAL;A:72:VAL;A:74:ILE;A:94:LEU;A:99:TRP,A:10:PHE;A:14:LEU;A:18:VAL;A:30:VAL;A:61:ILE;A:63:ALA;A:65:VAL;A:72:VAL;A:74:ILE;A:94:LEU;A:99:TRP,A:13:GLU,RMSD calculated in fixed receptor coordinates using connectivity-aware matching after removing unreliable stereo labels from PDB-derived reference ligand.,
buried_4_model_6_sample2_model,success,-6.978,5.1314,3.4397,66.6667,28.5714,0.5263,0.2073,Acceptable_pocket_alignment,Tier_C_low_priority_pose,Not_priority_for_initial_MD,A:16:ALA;A:19:VAL;A:20:LEU;A:33:LEU;A:37:CYS;A:45:ILE;A:49:ALA;A:52:ILE;A:69:LEU;A:72:ALA;A:73:ALA;A:76:ALA;A:90:LEU;A:93:GLY;A:97:LEU,A:2:LEU;A:7:VAL;A:12:VAL;A:15:LEU;A:16:ALA;A:19:VAL;A:20:LEU;A:33:LEU;A:37:CYS;A:69:LEU;A:72:ALA;A:73:ALA;A:76:ALA;A:90:LEU,A:16:ALA;A:19:VAL;A:20:LEU;A:33:LEU;A:37:CYS;A:69:LEU;A:72:ALA;A:73:ALA;A:76:ALA;A:90:LEU,A:2:LEU;A:7:VAL;A:12:VAL;A:15:LEU,RMSD calculated in fixed receptor coordinates using connectivity-aware matching after removing unreliable stereo labels from PDB-derived reference ligand.,
buried_4_model_7_sample10_model,success,-7.775,1.8301,1.6836,84.6154,15.3846,0.7333,0.521,Acceptable_pocket_alignment,Tier_B_partially_supported_pose,Strong_affinity_manual_review,A:7:TYR;A:20:ILE;A:22:THR;A:55:VAL;A:57:LEU;A:61:VAL;A:62:VAL;A:69:VAL;A:71:LEU;A:77:LEU;A:79:VAL;A:97:VAL;A:99:VAL,A:7:TYR;A:20:ILE;A:22:THR;A:24:TYR;A:45:VAL;A:55:VAL;A:57:LEU;A:69:VAL;A:71:LEU;A:77:LEU;A:79:VAL;A:97:VAL;A:99:VAL,A:7:TYR;A:20:ILE;A:22:THR;A:55:VAL;A:57:LEU;A:69:VAL;A:71:LEU;A:77:LEU;A:79:VAL;A:97:VAL;A:99:VAL,A:24:TYR;A:45:VAL,RMSD calculated in fixed receptor coordinates using connectivity-aware matching after removing unreliable stereo labels from PDB-derived reference ligand.,
buried_4_model_8_sample1_model,success,-5.93,5.0048,2.8233,88.8889,27.2727,0.6667,0.3846,Acceptable_pocket_alignment,Tier_C_low_priority_pose,Not_priority_for_initial_MD,A:16:ILE;A:20:THR;A:28:LEU;A:29:ALA;A:32:ALA;A:56:MET;A:78:VAL;A:82:ALA;A:93:ALA,A:16:ILE;A:17:LEU;A:20:THR;A:28:LEU;A:29:ALA;A:32:ALA;A:56:MET;A:78:VAL;A:93:ALA;A:94:GLN;A:97:LEU,A:16:ILE;A:20:THR;A:28:LEU;A:29:ALA;A:32:ALA;A:56:MET;A:78:VAL;A:93:ALA,A:17:LEU;A:94:GLN;A:97:LEU,RMSD calculated in fixed receptor coordinates using connectivity-aware matching after removing unreliable stereo labels from PDB-derived reference ligand.,
buried_5_model_0_sample7_model,success,-6.773,4.871,2.7979,60.0,45.4545,0.4,2.182,High_risk_pocket_deviation,Tier_C_low_priority_pose,Not_priority_for_initial_MD,A:6:LEU;A:32:VAL;A:34:VAL;A:75:LEU;A:87:LEU;A:89:VAL;A:91:ALA;A:104:VAL;A:106:ALA;A:108:VAL,A:32:VAL;A:34:VAL;A:46:ALA;A:48:VAL;A:66:VAL;A:73:THR;A:75:LEU;A:87:LEU;A:89:VAL;A:91:ALA;A:93:PHE,A:32:VAL;A:34:VAL;A:75:LEU;A:87:LEU;A:89:VAL;A:91:ALA,A:46:ALA;A:48:VAL;A:66:VAL;A:73:THR;A:93:PHE,RMSD calculated in fixed receptor coordinates using connectivity-aware matching after removing unreliable stereo labels from PDB-derived reference ligand.,
buried_5_model_1_sample2_model,success,-6.857,1.6857,1.0023,92.3077,14.2857,0.8,0.3954,Acceptable_pocket_alignment,Tier_B_partially_supported_pose,Not_priority_for_initial_MD,A:10:LEU;A:13:LEU;A:14:ALA;A:17:ALA;A:50:GLY;A:51:ILE;A:54:GLY;A:65:HIS;A:68:ASN;A:69:ALA;A:72:MET;A:102:ALA;A:105:ILE,A:10:LEU;A:13:LEU;A:14:ALA;A:17:ALA;A:46:THR;A:47:VAL;A:50:GLY;A:51:ILE;A:54:GLY;A:65:HIS;A:68:ASN;A:69:ALA;A:72:MET;A:105:ILE,A:10:LEU;A:13:LEU;A:14:ALA;A:17:ALA;A:50:GLY;A:51:ILE;A:54:GLY;A:65:HIS;A:68:ASN;A:69:ALA;A:72:MET;A:105:ILE,A:46:THR;A:47:VAL,RMSD calculated in fixed receptor coordinates using connectivity-aware matching after removing unreliable stereo labels from PDB-derived reference ligand.,
buried_5_model_2_sample6_model,success,-6.358,3.7964,1.9797,71.4286,23.0769,0.5882,0.2285,Acceptable_pocket_alignment,Tier_C_low_priority_pose,Not_priority_for_initial_MD,A:5:VAL;A:12:VAL;A:14:LEU;A:44:ALA;A:57:LEU;A:69:VAL;A:70:VAL;A:71:GLY;A:73:PHE;A:79:VAL;A:80:THR;A:81:LEU;A:106:ALA;A:110:LEU,A:5:VAL;A:12:VAL;A:14:LEU;A:22:LEU;A:44:ALA;A:55:VAL;A:57:LEU;A:69:VAL;A:71:GLY;A:73:PHE;A:81:LEU;A:83:LEU;A:110:LEU,A:5:VAL;A:12:VAL;A:14:LEU;A:44:ALA;A:57:LEU;A:69:VAL;A:71:GLY;A:73:PHE;A:81:LEU;A:110:LEU,A:22:LEU;A:55:VAL;A:83:LEU,RMSD calculated in fixed receptor coordinates using connectivity-aware matching after removing unreliable stereo labels from PDB-derived reference ligand.,
buried_5_model_3_sample4_model,success,-5.947,4.443,0.6202,90.9091,16.6667,0.7692,0.3118,Acceptable_pocket_alignment,Tier_C_low_priority_pose,Not_priority_for_initial_MD,A:6:LEU;A:40:LEU;A:43:LEU;A:49:PHE;A:82:LEU;A:85:LEU;A:86:ALA;A:87:ASP;A:93:ALA;A:96:ALA;A:100:ILE,A:2:GLY;A:6:LEU;A:43:LEU;A:49:PHE;A:52:MET;A:82:LEU;A:85:LEU;A:86:ALA;A:87:ASP;A:93:ALA;A:96:ALA;A:100:ILE,A:6:LEU;A:43:LEU;A:49:PHE;A:82:LEU;A:85:LEU;A:86:ALA;A:87:ASP;A:93:ALA;A:96:ALA;A:100:ILE,A:2:GLY;A:52:MET,RMSD calculated in fixed receptor coordinates using connectivity-aware matching after removing unreliable stereo labels from PDB-derived reference ligand.,
buried_5_model_4_sample4_model,success,-6.438,1.7237,1.1607,100.0,21.4286,0.7857,0.4136,Acceptable_pocket_alignment,Tier_B_partially_supported_pose,Not_priority_for_initial_MD,A:28:PHE;A:37:TRP;A:40:LEU;A:46:TYR;A:49:ILE;A:50:LEU;A:53:LEU;A:61:VAL;A:76:VAL;A:91:LEU;A:98:CYS,A:26:LEU;A:28:PHE;A:37:TRP;A:40:LEU;A:46:TYR;A:49:ILE;A:50:LEU;A:53:LEU;A:61:VAL;A:74:ALA;A:76:VAL;A:91:LEU;A:98:CYS;A:103:ALA,A:28:PHE;A:37:TRP;A:40:LEU;A:46:TYR;A:49:ILE;A:50:LEU;A:53:LEU;A:61:VAL;A:76:VAL;A:91:LEU;A:98:CYS,A:26:LEU;A:74:ALA;A:103:ALA,RMSD calculated in fixed receptor coordinates using connectivity-aware matching after removing unreliable stereo labels from PDB-derived reference ligand.,
buried_5_model_5_sample5_model,success,-3.663,13.0832,12.402,0.0,100.0,0.0,0.2927,Acceptable_pocket_alignment,Tier_C_low_priority_pose,Not_priority_for_initial_MD,A:26:LEU;A:30:LEU;A:36:LEU;A:40:PHE;A:44:VAL;A:46:LEU;A:57:LEU;A:58:THR;A:59:CYS;A:76:LEU;A:82:ALA;A:103:CYS;A:106:TRP,A:4:VAL;A:5:ALA;A:6:LEU;A:20:GLU;A:23:ALA;A:24:ALA;A:27:ALA,,A:4:VAL;A:5:ALA;A:6:LEU;A:20:GLU;A:23:ALA;A:24:ALA;A:27:ALA,RMSD calculated in fixed receptor coordinates using connectivity-aware matching after removing unreliable stereo labels from PDB-derived reference ligand.,
buried_6_model_1_sample4_model,success,-5.172,2.1627,0.9849,83.3333,9.0909,0.7692,0.5388,Acceptable_pocket_alignment,Tier_B_partially_supported_pose,Not_priority_for_initial_MD,A:8:LEU;A:9:THR;A:10:SER;A:20:VAL;A:21:SER;A:22:GLN;A:72:LEU;A:83:VAL;A:84:THR;A:85:ALA;A:94:ILE;A:96:VAL,A:8:LEU;A:9:THR;A:10:SER;A:11:ALA;A:20:VAL;A:21:SER;A:22:GLN;A:83:VAL;A:85:ALA;A:94:ILE;A:96:VAL,A:8:LEU;A:9:THR;A:10:SER;A:20:VAL;A:21:SER;A:22:GLN;A:83:VAL;A:85:ALA;A:94:ILE;A:96:VAL,A:11:ALA,RMSD calculated in fixed receptor coordinates using connectivity-aware matching after removing unreliable stereo labels from PDB-derived reference ligand.,
buried_6_model_3_sample9_model,success,-6.056,2.262,1.2899,81.8182,25.0,0.6429,0.6797,Acceptable_pocket_alignment,Tier_B_partially_supported_pose,Not_priority_for_initial_MD,A:8:LEU;A:12:PHE;A:25:VAL;A:29:LEU;A:44:ALA;A:48:MET;A:61:LEU;A:65:VAL;A:76:PRO;A:81:ILE;A:84:LEU,A:12:PHE;A:25:VAL;A:29:LEU;A:39:VAL;A:40:THR;A:41:ILE;A:44:ALA;A:48:MET;A:61:LEU;A:65:VAL;A:81:ILE;A:84:LEU,A:12:PHE;A:25:VAL;A:29:LEU;A:44:ALA;A:48:MET;A:61:LEU;A:65:VAL;A:81:ILE;A:84:LEU,A:39:VAL;A:40:THR;A:41:ILE,RMSD calculated in fixed receptor coordinates using connectivity-aware matching after removing unreliable stereo labels from PDB-derived reference ligand.,
buried_6_model_4_sample7_model,success,-5.231,1.4324,0.8035,100.0,16.6667,0.8333,0.6953,Acceptable_pocket_alignment,Tier_A_connectivity_supported_pose,Pose_supported_backup,A:22:PRO;A:27:VAL;A:33:TYR;A:41:MET;A:42:ASP;A:68:MET;A:71:ASN;A:72:ALA;A:76:PHE;A:80:VAL,A:22:PRO;A:23:PHE;A:25:GLU;A:27:VAL;A:33:TYR;A:41:MET;A:42:ASP;A:68:MET;A:71:ASN;A:72:ALA;A:76:PHE;A:80:VAL,A:22:PRO;A:27:VAL;A:33:TYR;A:41:MET;A:42:ASP;A:68:MET;A:71:ASN;A:72:ALA;A:76:PHE;A:80:VAL,A:23:PHE;A:25:GLU,RMSD calculated in fixed receptor coordinates using connectivity-aware matching after removing unreliable stereo labels from PDB-derived reference ligand.,
buried_6_model_9_sample8_model,success,-6.042,4.7012,2.0887,81.8182,25.0,0.6429,0.9666,Borderline_pocket_deviation,Tier_C_low_priority_pose,Not_priority_for_initial_MD,A:11:LEU;A:12:VAL;A:15:VAL;A:23:LEU;A:27:LEU;A:30:LEU;A:42:MET;A:45:LEU;A:53:ALA;A:76:LEU;A:89:LEU,A:11:LEU;A:12:VAL;A:15:VAL;A:27:LEU;A:30:LEU;A:42:MET;A:45:LEU;A:49:ASP;A:50:VAL;A:53:ALA;A:85:LEU;A:89:LEU,A:11:LEU;A:12:VAL;A:15:VAL;A:27:LEU;A:30:LEU;A:42:MET;A:45:LEU;A:53:ALA;A:89:LEU,A:49:ASP;A:50:VAL;A:85:LEU,RMSD calculated in fixed receptor coordinates using connectivity-aware matching after removing unreliable stereo labels from PDB-derived reference ligand.,
buried_7_model_3_sample2_model,success,-3.351,11.3493,11.0272,7.6923,85.7143,0.0526,0.7726,Acceptable_pocket_alignment,Tier_C_low_priority_pose,Not_priority_for_initial_MD,A:54:ILE;A:63:LEU;A:65:LEU;A:67:LEU;A:75:ILE;A:80:GLN;A:84:MET;A:86:SER;A:87:THR;A:89:PHE;A:95:VAL;A:111:PHE;A:113:LYS,A:64:TYR;A:77:LYS;A:78:ASP;A:79:THR;A:81:LYS;A:82:ALA;A:87:THR,A:87:THR,A:64:TYR;A:77:LYS;A:78:ASP;A:79:THR;A:81:LYS;A:82:ALA,RMSD calculated in fixed receptor coordinates using connectivity-aware matching after removing unreliable stereo labels from PDB-derived reference ligand.,
buried_7_model_4_sample6_model,success,-4.8,2.409,1.2569,90.0,25.0,0.6923,0.4838,Acceptable_pocket_alignment,Tier_B_partially_supported_pose,Not_priority_for_initial_MD,A:8:LEU;A:24:SER;A:36:TYR;A:37:GLY;A:38:VAL;A:58:ALA;A:59:LEU;A:62:ALA;A:63:MET;A:66:ARG,A:8:LEU;A:10:ASP;A:13:LEU;A:24:SER;A:25:PHE;A:36:TYR;A:37:GLY;A:38:VAL;A:58:ALA;A:59:LEU;A:62:ALA;A:66:ARG,A:8:LEU;A:24:SER;A:36:TYR;A:37:GLY;A:38:VAL;A:58:ALA;A:59:LEU;A:62:ALA;A:66:ARG,A:10:ASP;A:13:LEU;A:25:PHE,RMSD calculated in fixed receptor coordinates using connectivity-aware matching after removing unreliable stereo labels from PDB-derived reference ligand.,
buried_7_model_5_sample9_model,success,-7.552,2.1583,1.3809,90.9091,9.0909,0.8333,0.3839,Acceptable_pocket_alignment,Tier_B_partially_supported_pose,Strong_affinity_manual_review,A:13:THR;A:17:LEU;A:29:ILE;A:41:VAL;A:45:LEU;A:63:LEU;A:75:PHE;A:77:LEU;A:94:VAL;A:96:VAL;A:103:LEU,A:13:THR;A:17:LEU;A:29:ILE;A:37:LEU;A:41:VAL;A:63:LEU;A:75:PHE;A:77:LEU;A:94:VAL;A:96:VAL;A:103:LEU,A:13:THR;A:17:LEU;A:29:ILE;A:41:VAL;A:63:LEU;A:75:PHE;A:77:LEU;A:94:VAL;A:96:VAL;A:103:LEU,A:37:LEU,RMSD calculated in fixed receptor coordinates using connectivity-aware matching after removing unreliable stereo labels from PDB-derived reference ligand.,
buried_7_model_6_sample4_model,success,-3.867,10.5468,10.3178,23.0769,62.5,0.1667,0.3602,Acceptable_pocket_alignment,Tier_C_low_priority_pose,Not_priority_for_initial_MD,A:12:LEU;A:13:PRO;A:16:VAL;A:21:GLN;A:22:ALA;A:25:ALA;A:26:LEU;A:56:LEU;A:59:ALA;A:68:ALA;A:71:ALA;A:72:MET;A:75:LEU,A:12:LEU;A:13:PRO;A:14:ALA;A:55:GLN;A:58:ALA;A:59:ALA;A:61:THR;A:62:VAL,A:12:LEU;A:13:PRO;A:59:ALA,A:14:ALA;A:55:GLN;A:58:ALA;A:61:THR;A:62:VAL,RMSD calculated in fixed receptor coordinates using connectivity-aware matching after removing unreliable stereo labels from PDB-derived reference ligand.,
buried_7_model_7_sample10_model,success,-7.009,1.8573,1.72,91.6667,31.25,0.6471,0.3983,Acceptable_pocket_alignment,Tier_B_partially_supported_pose,Strong_affinity_manual_review,A:19:THR;A:24:MET;A:32:VAL;A:46:ALA;A:47:THR;A:48:ILE;A:71:ILE;A:83:VAL;A:85:LEU;A:95:THR;A:96:GLY;A:98:PHE,A:4:ARG;A:19:THR;A:20:PRO;A:22:VAL;A:24:MET;A:32:VAL;A:46:ALA;A:47:THR;A:48:ILE;A:83:VAL;A:85:LEU;A:94:VAL;A:95:THR;A:96:GLY;A:98:PHE;A:110:THR,A:19:THR;A:24:MET;A:32:VAL;A:46:ALA;A:47:THR;A:48:ILE;A:83:VAL;A:85:LEU;A:95:THR;A:96:GLY;A:98:PHE,A:4:ARG;A:20:PRO;A:22:VAL;A:94:VAL;A:110:THR,RMSD calculated in fixed receptor coordinates using connectivity-aware matching after removing unreliable stereo labels from PDB-derived reference ligand.,
buried_8_model_2_sample8_model,success,-3.535,9.6478,8.7489,30.7692,33.3333,0.2667,0.5218,Acceptable_pocket_alignment,Tier_C_low_priority_pose,Not_priority_for_initial_MD,A:28:LEU;A:58:VAL;A:59:ARG;A:61:ALA;A:62:PRO;A:64:LEU;A:65:VAL;A:68:LEU;A:76:ILE;A:78:TYR;A:80:VAL;A:85:ILE;A:87:ILE,A:62:PRO;A:65:VAL;A:66:PRO;A:69:ALA;A:76:ILE;A:78:TYR,A:62:PRO;A:65:VAL;A:76:ILE;A:78:TYR,A:66:PRO;A:69:ALA,RMSD calculated in fixed receptor coordinates using connectivity-aware matching after removing unreliable stereo labels from PDB-derived reference ligand.,
buried_8_model_3_sample2_model,success,-7.829,5.4733,3.6396,58.3333,41.6667,0.4118,0.427,Acceptable_pocket_alignment,Tier_C_low_priority_pose,Not_priority_for_initial_MD,A:5:THR;A:11:MET;A:18:VAL;A:33:ALA;A:35:VAL;A:40:THR;A:42:VAL;A:55:VAL;A:57:ALA;A:64:VAL;A:66:LEU;A:68:VAL,A:3:VAL;A:5:THR;A:18:VAL;A:20:VAL;A:40:THR;A:42:VAL;A:44:LEU;A:53:TYR;A:55:VAL;A:66:LEU;A:68:VAL;A:70:LEU,A:5:THR;A:18:VAL;A:40:THR;A:42:VAL;A:55:VAL;A:66:LEU;A:68:VAL,A:3:VAL;A:20:VAL;A:44:LEU;A:53:TYR;A:70:LEU,RMSD calculated in fixed receptor coordinates using connectivity-aware matching after removing unreliable stereo labels from PDB-derived reference ligand.,
buried_8_model_4_sample3_model,success,-5.347,4.5528,1.7642,92.8571,0.0,0.9286,0.5925,Acceptable_pocket_alignment,Tier_C_low_priority_pose,Not_priority_for_initial_MD,A:6:PHE;A:10:TRP;A:13:VAL;A:30:ILE;A:33:ALA;A:34:ALA;A:37:VAL;A:48:LEU;A:51:ILE;A:52:LYS;A:76:LEU;A:79:ILE;A:80:LYS;A:83:ILE,A:6:PHE;A:10:TRP;A:30:ILE;A:33:ALA;A:34:ALA;A:37:VAL;A:48:LEU;A:51:ILE;A:52:LYS;A:76:LEU;A:79:ILE;A:80:LYS;A:83:ILE,A:6:PHE;A:10:TRP;A:30:ILE;A:33:ALA;A:34:ALA;A:37:VAL;A:48:LEU;A:51:ILE;A:52:LYS;A:76:LEU;A:79:ILE;A:80:LYS;A:83:ILE,,RMSD calculated in fixed receptor coordinates using connectivity-aware matching after removing unreliable stereo labels from PDB-derived reference ligand.,
buried_8_model_7_sample9_model,success,-6.543,2.231,0.5029,85.7143,0.0,0.8571,0.3787,Acceptable_pocket_alignment,Tier_B_partially_supported_pose,Not_priority_for_initial_MD,A:7:VAL;A:9:PHE;A:24:LEU;A:27:VAL;A:28:GLN;A:31:LEU;A:38:PRO;A:40:ILE;A:54:VAL;A:56:LEU;A:66:PHE;A:70:THR;A:74:ILE;A:78:MET,A:7:VAL;A:24:LEU;A:27:VAL;A:28:GLN;A:31:LEU;A:40:ILE;A:54:VAL;A:56:LEU;A:66:PHE;A:70:THR;A:74:ILE;A:78:MET,A:7:VAL;A:24:LEU;A:27:VAL;A:28:GLN;A:31:LEU;A:40:ILE;A:54:VAL;A:56:LEU;A:66:PHE;A:70:THR;A:74:ILE;A:78:MET,,RMSD calculated in fixed receptor coordinates using connectivity-aware matching after removing unreliable stereo labels from PDB-derived reference ligand.,
buried_8_model_9_sample2_model,success,-7.182,1.3222,1.1912,80.0,14.2857,0.7059,0.3117,Acceptable_pocket_alignment,Tier_B_partially_supported_pose,Strong_affinity_manual_review,A:5:VAL;A:8:VAL;A:19:VAL;A:21:ALA;A:23:VAL;A:31:VAL;A:34:VAL;A:35:LEU;A:38:VAL;A:42:PHE;A:64:VAL;A:66:LEU;A:79:VAL;A:83:LEU;A:89:LEU,A:3:VAL;A:5:VAL;A:19:VAL;A:21:ALA;A:23:VAL;A:31:VAL;A:34:VAL;A:35:LEU;A:38:VAL;A:64:VAL;A:66:LEU;A:82:PHE;A:83:LEU;A:89:LEU,A:5:VAL;A:19:VAL;A:21:ALA;A:23:VAL;A:31:VAL;A:34:VAL;A:35:LEU;A:38:VAL;A:64:VAL;A:66:LEU;A:83:LEU;A:89:LEU,A:3:VAL;A:82:PHE,RMSD calculated in fixed receptor coordinates using connectivity-aware matching after removing unreliable stereo labels from PDB-derived reference ligand.,
buried_9_model_0_sample5_model,success,-5.214,3.228,1.7937,72.7273,20.0,0.6154,0.5456,Acceptable_pocket_alignment,Tier_C_low_priority_pose,Not_priority_for_initial_MD,A:3:ALA;A:7:LEU;A:25:LEU;A:28:ALA;A:35:ALA;A:38:LEU;A:39:ALA;A:68:ALA;A:72:GLY;A:75:ALA;A:76:GLN,A:3:ALA;A:4:ALA;A:7:LEU;A:28:ALA;A:29:ALA;A:35:ALA;A:38:LEU;A:39:ALA;A:72:GLY;A:76:GLN,A:3:ALA;A:7:LEU;A:28:ALA;A:35:ALA;A:38:LEU;A:39:ALA;A:72:GLY;A:76:GLN,A:4:ALA;A:29:ALA,RMSD calculated in fixed receptor coordinates using connectivity-aware matching after removing unreliable stereo labels from PDB-derived reference ligand.,
buried_9_model_3_sample2_model,success,-4.014,9.767,8.9519,25.0,62.5,0.1765,0.4061,Acceptable_pocket_alignment,Tier_C_low_priority_pose,Not_priority_for_initial_MD,A:13:LEU;A:40:VAL;A:46:PHE;A:48:LEU;A:66:VAL;A:74:LEU;A:75:ALA;A:77:VAL;A:96:ALA;A:98:VAL;A:112:ILE;A:116:ASN,A:39:GLU;A:40:VAL;A:68:ASP;A:69:ALA;A:74:LEU;A:94:SER;A:95:ALA;A:116:ASN,A:40:VAL;A:74:LEU;A:116:ASN,A:39:GLU;A:68:ASP;A:69:ALA;A:94:SER;A:95:ALA,RMSD calculated in fixed receptor coordinates using connectivity-aware matching after removing unreliable stereo labels from PDB-derived reference ligand.,
buried_9_model_4_sample7_model,success,-6.539,1.6531,1.0015,75.0,25.0,0.6,0.3909,Acceptable_pocket_alignment,Tier_B_partially_supported_pose,Not_priority_for_initial_MD,A:8:VAL;A:9:MET;A:12:GLY;A:28:PHE;A:46:ILE;A:68:VAL;A:81:ALA;A:84:ILE;A:85:ALA;A:88:ALA;A:104:LEU;A:107:VAL,A:8:VAL;A:9:MET;A:28:PHE;A:46:ILE;A:61:LEU;A:65:ALA;A:68:VAL;A:69:LEU;A:81:ALA;A:84:ILE;A:88:ALA;A:104:LEU,A:8:VAL;A:9:MET;A:28:PHE;A:46:ILE;A:68:VAL;A:81:ALA;A:84:ILE;A:88:ALA;A:104:LEU,A:61:LEU;A:65:ALA;A:69:LEU,RMSD calculated in fixed receptor coordinates using connectivity-aware matching after removing unreliable stereo labels from PDB-derived reference ligand.,
buried_9_model_6_sample6_model,success,-6.4,1.1965,0.5532,100.0,13.3333,0.8667,0.4535,Acceptable_pocket_alignment,Tier_A_connectivity_supported_pose,Pose_supported_backup,A:43:ARG;A:45:LEU;A:52:LEU;A:60:ALA;A:63:ALA;A:64:ALA;A:70:VAL;A:72:VAL;A:84:LEU;A:88:PHE;A:108:VAL;A:110:GLY;A:112:PRO,A:43:ARG;A:45:LEU;A:52:LEU;A:60:ALA;A:63:ALA;A:64:ALA;A:70:VAL;A:72:VAL;A:84:LEU;A:88:PHE;A:108:VAL;A:109:ARG;A:110:GLY;A:111:ARG;A:112:PRO,A:43:ARG;A:45:LEU;A:52:LEU;A:60:ALA;A:63:ALA;A:64:ALA;A:70:VAL;A:72:VAL;A:84:LEU;A:88:PHE;A:108:VAL;A:110:GLY;A:112:PRO,A:109:ARG;A:111:ARG,RMSD calculated in fixed receptor coordinates using connectivity-aware matching after removing unreliable stereo labels from PDB-derived reference ligand.,
buried_9_model_9_sample7_model,success,-6.813,1.0878,0.7122,90.9091,16.6667,0.7692,0.3439,Acceptable_pocket_alignment,Tier_A_connectivity_supported_pose,Primary_MD_shortlist,A:4:ALA;A:20:ILE;A:22:ALA;A:26:ILE;A:31:ALA;A:34:LEU;A:35:LEU;A:63:LEU;A:69:ALA;A:73:ASP;A:75:LEU,A:20:ILE;A:22:ALA;A:26:ILE;A:31:ALA;A:34:LEU;A:35:LEU;A:63:LEU;A:69:ALA;A:73:ASP;A:74:VAL;A:75:LEU;A:93:ASN,A:20:ILE;A:22:ALA;A:26:ILE;A:31:ALA;A:34:LEU;A:35:LEU;A:63:LEU;A:69:ALA;A:73:ASP;A:75:LEU,A:74:VAL;A:93:ASN,RMSD calculated in fixed receptor coordinates using connectivity-aware matching after removing unreliable stereo labels from PDB-derived reference ligand.,
