receptor_id,analysis_status,vina_affinity_kcal_mol,pocket_alignment_rmsd_A,pocket_alignment_risk,poses_in_sdf,spatial_assignment_rmsd_A,centroid_shift_A,contact_cutoff_A,reference_contact_residue_count,docked_contact_residue_count,recovered_contact_residue_count,lost_contact_residue_count,new_contact_residue_count,contact_recovery_percent,new_contact_percent_of_docked,contact_jaccard,reference_contact_residues,docked_contact_residues,recovered_contact_residues,new_contact_residues,spatial_assignment_mapping,redocking_validation_tier,error
buried_0_model_0_sample1_model,success,-5.184,0.3768,Acceptable_pocket_alignment,10,1.4543,0.6826,4.5,10,9,9,1,0,90.0,0.0,0.9,A:32:PHE;A:33:GLN;A:36:ILE;A:37:ARG;A:64:ALA;A:65:SER;A:66:GLU;A:74:ALA;A:75:THR;A:76:LEU,A:32:PHE;A:33:GLN;A:36:ILE;A:37:ARG;A:64:ALA;A:65:SER;A:66:GLU;A:74:ALA;A:75:THR,A:32:PHE;A:33:GLN;A:36:ILE;A:37:ARG;A:64:ALA;A:65:SER;A:66:GLU;A:74:ALA;A:75:THR,,dockedC0->refC4;dockedC1->refC3;dockedC2->refC5;dockedC3->refC0;dockedC4->refC6;dockedC5->refC9;dockedC6->refC7;dockedC7->refC8;dockedC8->refC1;dockedC9->refC2,Tier_A_high_confidence_recovered_pose,
buried_0_model_2_sample4_model,success,-5.19,0.4014,Acceptable_pocket_alignment,10,1.394,0.992,4.5,13,14,13,0,1,100.0,7.1429,0.9286,A:11:VAL;A:15:VAL;A:24:LEU;A:29:VAL;A:32:LYS;A:33:LEU;A:36:ILE;A:51:TYR;A:64:PHE;A:73:ALA;A:74:ILE;A:77:GLY;A:78:LEU,A:11:VAL;A:15:VAL;A:24:LEU;A:29:VAL;A:32:LYS;A:33:LEU;A:36:ILE;A:44:VAL;A:51:TYR;A:64:PHE;A:73:ALA;A:74:ILE;A:77:GLY;A:78:LEU,A:11:VAL;A:15:VAL;A:24:LEU;A:29:VAL;A:32:LYS;A:33:LEU;A:36:ILE;A:51:TYR;A:64:PHE;A:73:ALA;A:74:ILE;A:77:GLY;A:78:LEU,A:44:VAL,dockedC0->refC4;dockedC1->refC3;dockedC2->refC2;dockedC3->refC0;dockedC4->refC5;dockedC5->refC6;dockedC6->refC7;dockedC7->refC8;dockedC8->refC9;dockedC9->refC1,Tier_A_high_confidence_recovered_pose,
buried_0_model_5_sample7_model,success,-7.191,0.1809,Acceptable_pocket_alignment,9,1.2827,0.6466,4.5,12,14,12,0,2,100.0,14.2857,0.8571,A:1:MET;A:16:ILE;A:18:LEU;A:27:PHE;A:29:VAL;A:47:ALA;A:50:ILE;A:58:TRP;A:59:SER;A:60:GLY;A:62:LEU;A:74:ALA,A:1:MET;A:16:ILE;A:18:LEU;A:27:PHE;A:29:VAL;A:47:ALA;A:50:ILE;A:58:TRP;A:59:SER;A:60:GLY;A:61:THR;A:62:LEU;A:72:ALA;A:74:ALA,A:1:MET;A:16:ILE;A:18:LEU;A:27:PHE;A:29:VAL;A:47:ALA;A:50:ILE;A:58:TRP;A:59:SER;A:60:GLY;A:62:LEU;A:74:ALA,A:61:THR;A:72:ALA,dockedC0->refC2;dockedC1->refC3;dockedC2->refC4;dockedC3->refC5;dockedC4->refC6;dockedC5->refC0;dockedC6->refC7;dockedC7->refC8;dockedC8->refC9;dockedC9->refC1,Tier_A_high_confidence_recovered_pose,
buried_0_model_8_sample8_model,success,-6.058,0.3957,Acceptable_pocket_alignment,10,2.2005,1.4178,4.5,12,13,9,3,4,75.0,30.7692,0.5625,A:6:ALA;A:8:VAL;A:16:ALA;A:20:ALA;A:43:VAL;A:45:VAL;A:57:GLN;A:60:VAL;A:61:ALA;A:64:LEU;A:75:ALA;A:77:ALA,A:4:VAL;A:5:GLU;A:6:ALA;A:43:VAL;A:45:VAL;A:56:VAL;A:57:GLN;A:60:VAL;A:61:ALA;A:64:LEU;A:72:ALA;A:75:ALA;A:77:ALA,A:6:ALA;A:43:VAL;A:45:VAL;A:57:GLN;A:60:VAL;A:61:ALA;A:64:LEU;A:75:ALA;A:77:ALA,A:4:VAL;A:5:GLU;A:56:VAL;A:72:ALA,dockedC0->refC4;dockedC1->refC3;dockedC2->refC5;dockedC3->refC6;dockedC4->refC0;dockedC5->refC8;dockedC6->refC7;dockedC7->refC9;dockedC8->refC1;dockedC9->refC2,Tier_B_supported_pose,
buried_1_model_0_sample2_model,success,-5.956,0.6647,Acceptable_pocket_alignment,10,1.5599,0.8767,4.5,12,15,10,2,5,83.3333,33.3333,0.5882,A:50:VAL;A:52:VAL;A:60:VAL;A:63:GLY;A:64:ARG;A:65:LEU;A:75:ALA;A:76:ALA;A:82:SER;A:83:THR;A:84:ALA;A:97:ILE,A:50:VAL;A:52:VAL;A:60:VAL;A:62:SER;A:63:GLY;A:64:ARG;A:65:LEU;A:73:ALA;A:74:SER;A:75:ALA;A:82:SER;A:84:ALA;A:86:VAL;A:97:ILE;A:99:VAL,A:50:VAL;A:52:VAL;A:60:VAL;A:63:GLY;A:64:ARG;A:65:LEU;A:75:ALA;A:82:SER;A:84:ALA;A:97:ILE,A:62:SER;A:73:ALA;A:74:SER;A:86:VAL;A:99:VAL,dockedC0->refC4;dockedC1->refC3;dockedC2->refC2;dockedC3->refC0;dockedC4->refC5;dockedC5->refC6;dockedC6->refC7;dockedC7->refC9;dockedC8->refC8;dockedC9->refC1,Tier_B_supported_pose,
buried_1_model_3_sample1_model,success,-5.886,0.3235,Acceptable_pocket_alignment,10,1.0507,0.1928,4.5,11,12,11,0,1,100.0,8.3333,0.9167,A:23:PRO;A:24:PHE;A:28:PRO;A:29:PRO;A:32:PHE;A:40:MET;A:67:MET;A:70:ASN;A:71:ALA;A:74:TYR;A:80:VAL,A:23:PRO;A:24:PHE;A:28:PRO;A:29:PRO;A:32:PHE;A:40:MET;A:41:ASP;A:67:MET;A:70:ASN;A:71:ALA;A:74:TYR;A:80:VAL,A:23:PRO;A:24:PHE;A:28:PRO;A:29:PRO;A:32:PHE;A:40:MET;A:67:MET;A:70:ASN;A:71:ALA;A:74:TYR;A:80:VAL,A:41:ASP,dockedC0->refC5;dockedC1->refC3;dockedC2->refC4;dockedC3->refC2;dockedC4->refC6;dockedC5->refC9;dockedC6->refC7;dockedC7->refC8;dockedC8->refC0;dockedC9->refC1,Tier_A_high_confidence_recovered_pose,
buried_1_model_5_sample2_model,success,-6.964,0.4034,Acceptable_pocket_alignment,10,0.7057,0.0495,4.5,15,14,14,1,0,93.3333,0.0,0.9333,A:6:ALA;A:9:THR;A:10:ALA;A:13:ILE;A:29:ILE;A:32:ALA;A:36:PHE;A:42:LEU;A:45:ALA;A:48:ALA;A:49:LEU;A:52:ALA;A:74:ALA;A:89:LEU;A:92:ILE,A:6:ALA;A:9:THR;A:10:ALA;A:13:ILE;A:29:ILE;A:36:PHE;A:42:LEU;A:45:ALA;A:48:ALA;A:49:LEU;A:52:ALA;A:74:ALA;A:89:LEU;A:92:ILE,A:6:ALA;A:9:THR;A:10:ALA;A:13:ILE;A:29:ILE;A:36:PHE;A:42:LEU;A:45:ALA;A:48:ALA;A:49:LEU;A:52:ALA;A:74:ALA;A:89:LEU;A:92:ILE,,dockedC0->refC8;dockedC1->refC7;dockedC2->refC9;dockedC3->refC0;dockedC4->refC1;dockedC5->refC2;dockedC6->refC3;dockedC7->refC4;dockedC8->refC5;dockedC9->refC6,Tier_A_high_confidence_recovered_pose,
buried_1_model_9_sample1_model,success,-6.733,0.4616,Acceptable_pocket_alignment,10,0.7662,0.5023,4.5,12,12,11,1,1,91.6667,8.3333,0.8462,A:8:VAL;A:37:LEU;A:45:ILE;A:46:ARG;A:49:LEU;A:61:ILE;A:64:ALA;A:68:VAL;A:84:ILE;A:86:VAL;A:95:THR;A:97:VAL,A:8:VAL;A:20:LEU;A:37:LEU;A:45:ILE;A:46:ARG;A:49:LEU;A:61:ILE;A:68:VAL;A:84:ILE;A:86:VAL;A:95:THR;A:97:VAL,A:8:VAL;A:37:LEU;A:45:ILE;A:46:ARG;A:49:LEU;A:61:ILE;A:68:VAL;A:84:ILE;A:86:VAL;A:95:THR;A:97:VAL,A:20:LEU,dockedC0->refC8;dockedC1->refC7;dockedC2->refC9;dockedC3->refC0;dockedC4->refC6;dockedC5->refC5;dockedC6->refC3;dockedC7->refC4;dockedC8->refC2;dockedC9->refC1,Tier_A_high_confidence_recovered_pose,
buried_2_model_2_sample8_model,success,-7.953,0.3185,Acceptable_pocket_alignment,10,1.2113,0.7126,4.5,14,14,13,1,1,92.8571,7.1429,0.8667,A:9:TYR;A:18:ALA;A:20:ALA;A:32:VAL;A:34:VAL;A:36:ILE;A:51:VAL;A:53:LEU;A:77:VAL;A:79:THR;A:87:LEU;A:93:VAL;A:95:VAL;A:109:PHE,A:9:TYR;A:18:ALA;A:20:ALA;A:32:VAL;A:34:VAL;A:36:ILE;A:51:VAL;A:53:LEU;A:63:LEU;A:79:THR;A:87:LEU;A:93:VAL;A:95:VAL;A:109:PHE,A:9:TYR;A:18:ALA;A:20:ALA;A:32:VAL;A:34:VAL;A:36:ILE;A:51:VAL;A:53:LEU;A:79:THR;A:87:LEU;A:93:VAL;A:95:VAL;A:109:PHE,A:63:LEU,dockedC0->refC5;dockedC1->refC3;dockedC2->refC4;dockedC3->refC2;dockedC4->refC1;dockedC5->refC0;dockedC6->refC7;dockedC7->refC9;dockedC8->refC8;dockedC9->refC6,Tier_A_high_confidence_recovered_pose,
buried_2_model_3_sample1_model,success,-6.129,0.3666,Acceptable_pocket_alignment,10,1.0858,0.8237,4.5,14,13,13,1,0,92.8571,0.0,0.9286,A:19:LEU;A:22:LEU;A:26:LEU;A:36:ALA;A:40:ALA;A:43:LEU;A:73:VAL;A:78:LEU;A:82:ARG;A:85:LEU;A:96:ILE;A:99:ALA;A:100:LEU;A:103:VAL,A:22:LEU;A:26:LEU;A:36:ALA;A:40:ALA;A:43:LEU;A:73:VAL;A:78:LEU;A:82:ARG;A:85:LEU;A:96:ILE;A:99:ALA;A:100:LEU;A:103:VAL,A:22:LEU;A:26:LEU;A:36:ALA;A:40:ALA;A:43:LEU;A:73:VAL;A:78:LEU;A:82:ARG;A:85:LEU;A:96:ILE;A:99:ALA;A:100:LEU;A:103:VAL,,dockedC0->refC8;dockedC1->refC7;dockedC2->refC9;dockedC3->refC0;dockedC4->refC1;dockedC5->refC2;dockedC6->refC3;dockedC7->refC4;dockedC8->refC5;dockedC9->refC6,Tier_A_high_confidence_recovered_pose,
buried_2_model_4_sample8_model,success,-6.095,0.312,Acceptable_pocket_alignment,10,1.8159,1.3123,4.5,13,9,8,5,1,61.5385,11.1111,0.5714,A:18:ALA;A:21:ALA;A:22:ARG;A:29:VAL;A:30:ALA;A:31:GLU;A:32:ALA;A:45:ALA;A:46:THR;A:47:SER;A:48:GLU;A:51:PHE;A:87:ILE,A:18:ALA;A:21:ALA;A:22:ARG;A:29:VAL;A:32:ALA;A:48:GLU;A:51:PHE;A:87:ILE;A:89:CYS,A:18:ALA;A:21:ALA;A:22:ARG;A:29:VAL;A:32:ALA;A:48:GLU;A:51:PHE;A:87:ILE,A:89:CYS,dockedC0->refC5;dockedC1->refC3;dockedC2->refC4;dockedC3->refC0;dockedC4->refC6;dockedC5->refC9;dockedC6->refC7;dockedC7->refC8;dockedC8->refC1;dockedC9->refC2,Tier_B_supported_pose,
buried_2_model_5_sample6_model,success,-6.917,0.449,Acceptable_pocket_alignment,10,1.1882,0.9452,4.5,12,14,11,1,3,91.6667,21.4286,0.7333,A:8:ILE;A:11:ALA;A:12:ALA;A:38:ALA;A:53:PHE;A:55:VAL;A:57:ILE;A:64:LEU;A:66:VAL;A:77:TRP;A:90:LEU;A:92:VAL,A:8:ILE;A:11:ALA;A:12:ALA;A:34:VAL;A:35:ILE;A:38:ALA;A:39:PRO;A:53:PHE;A:55:VAL;A:57:ILE;A:64:LEU;A:77:TRP;A:90:LEU;A:92:VAL,A:8:ILE;A:11:ALA;A:12:ALA;A:38:ALA;A:53:PHE;A:55:VAL;A:57:ILE;A:64:LEU;A:77:TRP;A:90:LEU;A:92:VAL,A:34:VAL;A:35:ILE;A:39:PRO,dockedC0->refC9;dockedC1->refC7;dockedC2->refC8;dockedC3->refC0;dockedC4->refC1;dockedC5->refC2;dockedC6->refC3;dockedC7->refC4;dockedC8->refC5;dockedC9->refC6,Tier_B_supported_pose,
buried_2_model_7_sample5_model,success,-6.697,0.3836,Acceptable_pocket_alignment,10,3.5831,3.2805,4.5,12,12,9,3,3,75.0,25.0,0.6,A:22:ASN;A:29:ALA;A:41:PHE;A:43:CYS;A:56:VAL;A:58:VAL;A:72:LEU;A:77:VAL;A:82:LEU;A:85:ILE;A:102:LEU;A:106:LEU,A:41:PHE;A:43:CYS;A:56:VAL;A:58:VAL;A:68:LEU;A:72:LEU;A:82:LEU;A:85:ILE;A:102:LEU;A:106:LEU;A:110:ALA;A:113:THR,A:41:PHE;A:43:CYS;A:56:VAL;A:58:VAL;A:72:LEU;A:82:LEU;A:85:ILE;A:102:LEU;A:106:LEU,A:68:LEU;A:110:ALA;A:113:THR,dockedC0->refC8;dockedC1->refC7;dockedC2->refC9;dockedC3->refC1;dockedC4->refC0;dockedC5->refC6;dockedC6->refC5;dockedC7->refC4;dockedC8->refC3;dockedC9->refC2,Tier_C_low_priority_pose,
buried_2_model_8_sample7_model,success,-6.091,0.2406,Acceptable_pocket_alignment,10,1.7986,1.3259,4.5,10,11,8,2,3,80.0,27.2727,0.6154,A:30:PRO;A:31:PHE;A:33:GLU;A:35:VAL;A:40:TYR;A:43:TYR;A:82:ALA;A:85:TYR;A:91:ASP;A:94:THR,A:30:PRO;A:31:PHE;A:35:VAL;A:40:TYR;A:43:TYR;A:51:MET;A:78:MET;A:81:ASN;A:82:ALA;A:85:TYR;A:94:THR,A:30:PRO;A:31:PHE;A:35:VAL;A:40:TYR;A:43:TYR;A:82:ALA;A:85:TYR;A:94:THR,A:51:MET;A:78:MET;A:81:ASN,dockedC0->refC4;dockedC1->refC3;dockedC2->refC5;dockedC3->refC0;dockedC4->refC2;dockedC5->refC1;dockedC6->refC7;dockedC7->refC9;dockedC8->refC8;dockedC9->refC6,Tier_B_supported_pose,
buried_3_model_1_sample8_model,success,-5.784,0.3144,Acceptable_pocket_alignment,10,0.8091,0.6928,4.5,11,12,11,0,1,100.0,8.3333,0.9167,A:8:LEU;A:11:ALA;A:36:LEU;A:39:LEU;A:58:VAL;A:59:PHE;A:62:VAL;A:78:ALA;A:81:ILE;A:85:MET;A:104:PHE,A:8:LEU;A:11:ALA;A:36:LEU;A:39:LEU;A:58:VAL;A:59:PHE;A:62:VAL;A:78:ALA;A:81:ILE;A:85:MET;A:100:ALA;A:104:PHE,A:8:LEU;A:11:ALA;A:36:LEU;A:39:LEU;A:58:VAL;A:59:PHE;A:62:VAL;A:78:ALA;A:81:ILE;A:85:MET;A:104:PHE,A:100:ALA,dockedC0->refC8;dockedC1->refC7;dockedC2->refC9;dockedC3->refC0;dockedC4->refC6;dockedC5->refC5;dockedC6->refC3;dockedC7->refC4;dockedC8->refC2;dockedC9->refC1,Tier_A_high_confidence_recovered_pose,
buried_3_model_3_sample7_model,success,-6.904,0.4347,Acceptable_pocket_alignment,8,0.7524,0.5553,4.5,14,15,13,1,2,92.8571,13.3333,0.8125,A:19:LEU;A:21:PHE;A:35:VAL;A:36:LEU;A:39:VAL;A:43:LEU;A:62:VAL;A:64:ILE;A:72:VAL;A:85:PHE;A:87:LEU;A:89:PHE;A:100:VAL;A:104:ALA,A:19:LEU;A:21:PHE;A:35:VAL;A:36:LEU;A:39:VAL;A:62:VAL;A:64:ILE;A:70:VAL;A:72:VAL;A:85:PHE;A:87:LEU;A:89:PHE;A:100:VAL;A:104:ALA;A:108:ILE,A:19:LEU;A:21:PHE;A:35:VAL;A:36:LEU;A:39:VAL;A:62:VAL;A:64:ILE;A:72:VAL;A:85:PHE;A:87:LEU;A:89:PHE;A:100:VAL;A:104:ALA,A:70:VAL;A:108:ILE,dockedC0->refC9;dockedC1->refC7;dockedC2->refC8;dockedC3->refC0;dockedC4->refC6;dockedC5->refC5;dockedC6->refC3;dockedC7->refC4;dockedC8->refC2;dockedC9->refC1,Tier_A_high_confidence_recovered_pose,
buried_3_model_5_sample6_model,success,-6.07,0.9982,Borderline_pocket_deviation,10,3.9081,3.2277,4.5,11,13,8,3,5,72.7273,38.4615,0.5,A:23:ILE;A:26:VAL;A:27:ILE;A:30:LEU;A:42:LEU;A:46:LEU;A:56:LEU;A:60:VAL;A:74:VAL;A:87:VAL;A:99:LEU,A:23:ILE;A:42:LEU;A:45:VAL;A:46:LEU;A:56:LEU;A:60:VAL;A:70:LEU;A:72:LEU;A:74:VAL;A:76:VAL;A:87:VAL;A:99:LEU;A:101:LEU,A:23:ILE;A:42:LEU;A:46:LEU;A:56:LEU;A:60:VAL;A:74:VAL;A:87:VAL;A:99:LEU,A:45:VAL;A:70:LEU;A:72:LEU;A:76:VAL;A:101:LEU,dockedC0->refC4;dockedC1->refC2;dockedC2->refC1;dockedC3->refC0;dockedC4->refC3;dockedC5->refC5;dockedC6->refC6;dockedC7->refC8;dockedC8->refC7;dockedC9->refC9,Tier_C_low_priority_pose,
buried_4_model_0_sample7_model,success,-5.8,1.1407,High_risk_pocket_deviation,10,1.361,0.6294,4.5,9,10,8,1,2,88.8889,20.0,0.7273,A:24:PRO;A:25:PHE;A:29:VAL;A:35:TYR;A:43:MET;A:70:MET;A:74:ALA;A:78:ASN;A:84:VAL,A:24:PRO;A:25:PHE;A:29:VAL;A:35:TYR;A:43:MET;A:44:ASP;A:70:MET;A:73:ASN;A:74:ALA;A:78:ASN,A:24:PRO;A:25:PHE;A:29:VAL;A:35:TYR;A:43:MET;A:70:MET;A:74:ALA;A:78:ASN,A:44:ASP;A:73:ASN,dockedC0->refC2;dockedC1->refC3;dockedC2->refC4;dockedC3->refC1;dockedC4->refC5;dockedC5->refC6;dockedC6->refC7;dockedC7->refC9;dockedC8->refC8;dockedC9->refC0,Tier_B_supported_pose,
buried_4_model_3_sample10_model,success,-4.128,0.7774,Acceptable_pocket_alignment,10,12.2572,12.1769,4.5,12,6,0,12,6,0.0,100.0,0.0,A:12:ILE;A:13:ILE;A:16:VAL;A:24:ILE;A:32:LEU;A:47:VAL;A:49:VAL;A:61:VAL;A:81:LEU;A:83:PHE;A:93:ILE;A:100:ILE,A:11:ARG;A:14:ALA;A:15:ALA;A:18:LYS;A:51:VAL;A:52:PRO,,A:11:ARG;A:14:ALA;A:15:ALA;A:18:LYS;A:51:VAL;A:52:PRO,dockedC0->refC4;dockedC1->refC3;dockedC2->refC5;dockedC3->refC6;dockedC4->refC2;dockedC5->refC0;dockedC6->refC9;dockedC7->refC8;dockedC8->refC7;dockedC9->refC1,Tier_C_low_priority_pose,
buried_4_model_5_sample5_model,success,-7.308,0.3004,Acceptable_pocket_alignment,10,1.7667,1.3723,4.5,13,12,11,2,1,84.6154,8.3333,0.7857,A:10:PHE;A:14:LEU;A:18:VAL;A:30:VAL;A:48:ALA;A:50:LEU;A:61:ILE;A:63:ALA;A:65:VAL;A:72:VAL;A:74:ILE;A:94:LEU;A:99:TRP,A:10:PHE;A:13:GLU;A:14:LEU;A:18:VAL;A:30:VAL;A:61:ILE;A:63:ALA;A:65:VAL;A:72:VAL;A:74:ILE;A:94:LEU;A:99:TRP,A:10:PHE;A:14:LEU;A:18:VAL;A:30:VAL;A:61:ILE;A:63:ALA;A:65:VAL;A:72:VAL;A:74:ILE;A:94:LEU;A:99:TRP,A:13:GLU,dockedC0->refC4;dockedC1->refC3;dockedC2->refC5;dockedC3->refC2;dockedC4->refC1;dockedC5->refC0;dockedC6->refC7;dockedC7->refC8;dockedC8->refC9;dockedC9->refC6,Tier_B_supported_pose,
buried_4_model_6_sample2_model,success,-6.978,0.2073,Acceptable_pocket_alignment,10,3.7257,3.4397,4.5,15,14,10,5,4,66.6667,28.5714,0.5263,A:16:ALA;A:19:VAL;A:20:LEU;A:33:LEU;A:37:CYS;A:45:ILE;A:49:ALA;A:52:ILE;A:69:LEU;A:72:ALA;A:73:ALA;A:76:ALA;A:90:LEU;A:93:GLY;A:97:LEU,A:2:LEU;A:7:VAL;A:12:VAL;A:15:LEU;A:16:ALA;A:19:VAL;A:20:LEU;A:33:LEU;A:37:CYS;A:69:LEU;A:72:ALA;A:73:ALA;A:76:ALA;A:90:LEU,A:16:ALA;A:19:VAL;A:20:LEU;A:33:LEU;A:37:CYS;A:69:LEU;A:72:ALA;A:73:ALA;A:76:ALA;A:90:LEU,A:2:LEU;A:7:VAL;A:12:VAL;A:15:LEU,dockedC0->refC1;dockedC1->refC2;dockedC2->refC4;dockedC3->refC3;dockedC4->refC8;dockedC5->refC7;dockedC6->refC0;dockedC7->refC9;dockedC8->refC6;dockedC9->refC5,Tier_C_low_priority_pose,
buried_4_model_7_sample10_model,success,-7.775,0.521,Acceptable_pocket_alignment,8,1.8301,1.6836,4.5,13,13,11,2,2,84.6154,15.3846,0.7333,A:7:TYR;A:20:ILE;A:22:THR;A:55:VAL;A:57:LEU;A:61:VAL;A:62:VAL;A:69:VAL;A:71:LEU;A:77:LEU;A:79:VAL;A:97:VAL;A:99:VAL,A:7:TYR;A:20:ILE;A:22:THR;A:24:TYR;A:45:VAL;A:55:VAL;A:57:LEU;A:69:VAL;A:71:LEU;A:77:LEU;A:79:VAL;A:97:VAL;A:99:VAL,A:7:TYR;A:20:ILE;A:22:THR;A:55:VAL;A:57:LEU;A:69:VAL;A:71:LEU;A:77:LEU;A:79:VAL;A:97:VAL;A:99:VAL,A:24:TYR;A:45:VAL,dockedC0->refC8;dockedC1->refC7;dockedC2->refC9;dockedC3->refC0;dockedC4->refC1;dockedC5->refC2;dockedC6->refC3;dockedC7->refC4;dockedC8->refC5;dockedC9->refC6,Tier_B_supported_pose,
buried_4_model_8_sample1_model,success,-5.93,0.3846,Acceptable_pocket_alignment,10,3.1137,2.8233,4.5,9,11,8,1,3,88.8889,27.2727,0.6667,A:16:ILE;A:20:THR;A:28:LEU;A:29:ALA;A:32:ALA;A:56:MET;A:78:VAL;A:82:ALA;A:93:ALA,A:16:ILE;A:17:LEU;A:20:THR;A:28:LEU;A:29:ALA;A:32:ALA;A:56:MET;A:78:VAL;A:93:ALA;A:94:GLN;A:97:LEU,A:16:ILE;A:20:THR;A:28:LEU;A:29:ALA;A:32:ALA;A:56:MET;A:78:VAL;A:93:ALA,A:17:LEU;A:94:GLN;A:97:LEU,dockedC0->refC2;dockedC1->refC3;dockedC2->refC4;dockedC3->refC1;dockedC4->refC0;dockedC5->refC9;dockedC6->refC7;dockedC7->refC8;dockedC8->refC6;dockedC9->refC5,Tier_C_low_priority_pose,
buried_5_model_0_sample7_model,success,-6.773,2.182,High_risk_pocket_deviation,10,3.1868,2.7979,4.5,10,11,6,4,5,60.0,45.4545,0.4,A:6:LEU;A:32:VAL;A:34:VAL;A:75:LEU;A:87:LEU;A:89:VAL;A:91:ALA;A:104:VAL;A:106:ALA;A:108:VAL,A:32:VAL;A:34:VAL;A:46:ALA;A:48:VAL;A:66:VAL;A:73:THR;A:75:LEU;A:87:LEU;A:89:VAL;A:91:ALA;A:93:PHE,A:32:VAL;A:34:VAL;A:75:LEU;A:87:LEU;A:89:VAL;A:91:ALA,A:46:ALA;A:48:VAL;A:66:VAL;A:73:THR;A:93:PHE,dockedC0->refC4;dockedC1->refC2;dockedC2->refC1;dockedC3->refC3;dockedC4->refC5;dockedC5->refC6;dockedC6->refC0;dockedC7->refC8;dockedC8->refC7;dockedC9->refC9,Tier_C_low_priority_pose,
buried_5_model_1_sample2_model,success,-6.857,0.3954,Acceptable_pocket_alignment,9,1.2843,1.0023,4.5,13,14,12,1,2,92.3077,14.2857,0.8,A:10:LEU;A:13:LEU;A:14:ALA;A:17:ALA;A:50:GLY;A:51:ILE;A:54:GLY;A:65:HIS;A:68:ASN;A:69:ALA;A:72:MET;A:102:ALA;A:105:ILE,A:10:LEU;A:13:LEU;A:14:ALA;A:17:ALA;A:46:THR;A:47:VAL;A:50:GLY;A:51:ILE;A:54:GLY;A:65:HIS;A:68:ASN;A:69:ALA;A:72:MET;A:105:ILE,A:10:LEU;A:13:LEU;A:14:ALA;A:17:ALA;A:50:GLY;A:51:ILE;A:54:GLY;A:65:HIS;A:68:ASN;A:69:ALA;A:72:MET;A:105:ILE,A:46:THR;A:47:VAL,dockedC0->refC9;dockedC1->refC7;dockedC2->refC8;dockedC3->refC0;dockedC4->refC1;dockedC5->refC2;dockedC6->refC3;dockedC7->refC4;dockedC8->refC5;dockedC9->refC6,Tier_B_supported_pose,
buried_5_model_2_sample6_model,success,-6.358,0.2285,Acceptable_pocket_alignment,10,2.8415,1.9797,4.5,14,13,10,4,3,71.4286,23.0769,0.5882,A:5:VAL;A:12:VAL;A:14:LEU;A:44:ALA;A:57:LEU;A:69:VAL;A:70:VAL;A:71:GLY;A:73:PHE;A:79:VAL;A:80:THR;A:81:LEU;A:106:ALA;A:110:LEU,A:5:VAL;A:12:VAL;A:14:LEU;A:22:LEU;A:44:ALA;A:55:VAL;A:57:LEU;A:69:VAL;A:71:GLY;A:73:PHE;A:81:LEU;A:83:LEU;A:110:LEU,A:5:VAL;A:12:VAL;A:14:LEU;A:44:ALA;A:57:LEU;A:69:VAL;A:71:GLY;A:73:PHE;A:81:LEU;A:110:LEU,A:22:LEU;A:55:VAL;A:83:LEU,dockedC0->refC5;dockedC1->refC6;dockedC2->refC8;dockedC3->refC0;dockedC4->refC7;dockedC5->refC9;dockedC6->refC2;dockedC7->refC1;dockedC8->refC3;dockedC9->refC4,Tier_C_low_priority_pose,
buried_5_model_3_sample4_model,success,-5.947,0.3118,Acceptable_pocket_alignment,10,1.2678,0.6202,4.5,11,12,10,1,2,90.9091,16.6667,0.7692,A:6:LEU;A:40:LEU;A:43:LEU;A:49:PHE;A:82:LEU;A:85:LEU;A:86:ALA;A:87:ASP;A:93:ALA;A:96:ALA;A:100:ILE,A:2:GLY;A:6:LEU;A:43:LEU;A:49:PHE;A:52:MET;A:82:LEU;A:85:LEU;A:86:ALA;A:87:ASP;A:93:ALA;A:96:ALA;A:100:ILE,A:6:LEU;A:43:LEU;A:49:PHE;A:82:LEU;A:85:LEU;A:86:ALA;A:87:ASP;A:93:ALA;A:96:ALA;A:100:ILE,A:2:GLY;A:52:MET,dockedC0->refC2;dockedC1->refC3;dockedC2->refC4;dockedC3->refC0;dockedC4->refC5;dockedC5->refC6;dockedC6->refC7;dockedC7->refC8;dockedC8->refC9;dockedC9->refC1,Tier_A_high_confidence_recovered_pose,
buried_5_model_4_sample4_model,success,-6.438,0.4136,Acceptable_pocket_alignment,10,1.4733,1.1607,4.5,11,14,11,0,3,100.0,21.4286,0.7857,A:28:PHE;A:37:TRP;A:40:LEU;A:46:TYR;A:49:ILE;A:50:LEU;A:53:LEU;A:61:VAL;A:76:VAL;A:91:LEU;A:98:CYS,A:26:LEU;A:28:PHE;A:37:TRP;A:40:LEU;A:46:TYR;A:49:ILE;A:50:LEU;A:53:LEU;A:61:VAL;A:74:ALA;A:76:VAL;A:91:LEU;A:98:CYS;A:103:ALA,A:28:PHE;A:37:TRP;A:40:LEU;A:46:TYR;A:49:ILE;A:50:LEU;A:53:LEU;A:61:VAL;A:76:VAL;A:91:LEU;A:98:CYS,A:26:LEU;A:74:ALA;A:103:ALA,dockedC0->refC9;dockedC1->refC7;dockedC2->refC8;dockedC3->refC0;dockedC4->refC1;dockedC5->refC2;dockedC6->refC3;dockedC7->refC4;dockedC8->refC5;dockedC9->refC6,Tier_B_supported_pose,
buried_5_model_5_sample5_model,success,-3.663,0.2927,Acceptable_pocket_alignment,10,12.4739,12.402,4.5,13,7,0,13,7,0.0,100.0,0.0,A:26:LEU;A:30:LEU;A:36:LEU;A:40:PHE;A:44:VAL;A:46:LEU;A:57:LEU;A:58:THR;A:59:CYS;A:76:LEU;A:82:ALA;A:103:CYS;A:106:TRP,A:4:VAL;A:5:ALA;A:6:LEU;A:20:GLU;A:23:ALA;A:24:ALA;A:27:ALA,,A:4:VAL;A:5:ALA;A:6:LEU;A:20:GLU;A:23:ALA;A:24:ALA;A:27:ALA,dockedC0->refC3;dockedC1->refC2;dockedC2->refC4;dockedC3->refC1;dockedC4->refC0;dockedC5->refC8;dockedC6->refC7;dockedC7->refC9;dockedC8->refC6;dockedC9->refC5,Tier_C_low_priority_pose,
buried_6_model_1_sample4_model,success,-5.172,0.5388,Acceptable_pocket_alignment,10,1.1451,0.9849,4.5,12,11,10,2,1,83.3333,9.0909,0.7692,A:8:LEU;A:9:THR;A:10:SER;A:20:VAL;A:21:SER;A:22:GLN;A:72:LEU;A:83:VAL;A:84:THR;A:85:ALA;A:94:ILE;A:96:VAL,A:8:LEU;A:9:THR;A:10:SER;A:11:ALA;A:20:VAL;A:21:SER;A:22:GLN;A:83:VAL;A:85:ALA;A:94:ILE;A:96:VAL,A:8:LEU;A:9:THR;A:10:SER;A:20:VAL;A:21:SER;A:22:GLN;A:83:VAL;A:85:ALA;A:94:ILE;A:96:VAL,A:11:ALA,dockedC0->refC9;dockedC1->refC7;dockedC2->refC8;dockedC3->refC0;dockedC4->refC6;dockedC5->refC5;dockedC6->refC3;dockedC7->refC4;dockedC8->refC2;dockedC9->refC1,Tier_A_high_confidence_recovered_pose,
buried_6_model_3_sample9_model,success,-6.056,0.6797,Acceptable_pocket_alignment,10,2.1116,1.2899,4.5,11,12,9,2,3,81.8182,25.0,0.6429,A:8:LEU;A:12:PHE;A:25:VAL;A:29:LEU;A:44:ALA;A:48:MET;A:61:LEU;A:65:VAL;A:76:PRO;A:81:ILE;A:84:LEU,A:12:PHE;A:25:VAL;A:29:LEU;A:39:VAL;A:40:THR;A:41:ILE;A:44:ALA;A:48:MET;A:61:LEU;A:65:VAL;A:81:ILE;A:84:LEU,A:12:PHE;A:25:VAL;A:29:LEU;A:44:ALA;A:48:MET;A:61:LEU;A:65:VAL;A:81:ILE;A:84:LEU,A:39:VAL;A:40:THR;A:41:ILE,dockedC0->refC9;dockedC1->refC7;dockedC2->refC8;dockedC3->refC0;dockedC4->refC1;dockedC5->refC2;dockedC6->refC3;dockedC7->refC4;dockedC8->refC5;dockedC9->refC6,Tier_B_supported_pose,
buried_6_model_4_sample7_model,success,-5.231,0.6953,Acceptable_pocket_alignment,10,1.0623,0.8035,4.5,10,12,10,0,2,100.0,16.6667,0.8333,A:22:PRO;A:27:VAL;A:33:TYR;A:41:MET;A:42:ASP;A:68:MET;A:71:ASN;A:72:ALA;A:76:PHE;A:80:VAL,A:22:PRO;A:23:PHE;A:25:GLU;A:27:VAL;A:33:TYR;A:41:MET;A:42:ASP;A:68:MET;A:71:ASN;A:72:ALA;A:76:PHE;A:80:VAL,A:22:PRO;A:27:VAL;A:33:TYR;A:41:MET;A:42:ASP;A:68:MET;A:71:ASN;A:72:ALA;A:76:PHE;A:80:VAL,A:23:PHE;A:25:GLU,dockedC0->refC9;dockedC1->refC7;dockedC2->refC8;dockedC3->refC0;dockedC4->refC1;dockedC5->refC2;dockedC6->refC3;dockedC7->refC4;dockedC8->refC5;dockedC9->refC6,Tier_A_high_confidence_recovered_pose,
buried_6_model_9_sample8_model,success,-6.042,0.9666,Borderline_pocket_deviation,10,2.4488,2.0887,4.5,11,12,9,2,3,81.8182,25.0,0.6429,A:11:LEU;A:12:VAL;A:15:VAL;A:23:LEU;A:27:LEU;A:30:LEU;A:42:MET;A:45:LEU;A:53:ALA;A:76:LEU;A:89:LEU,A:11:LEU;A:12:VAL;A:15:VAL;A:27:LEU;A:30:LEU;A:42:MET;A:45:LEU;A:49:ASP;A:50:VAL;A:53:ALA;A:85:LEU;A:89:LEU,A:11:LEU;A:12:VAL;A:15:VAL;A:27:LEU;A:30:LEU;A:42:MET;A:45:LEU;A:53:ALA;A:89:LEU,A:49:ASP;A:50:VAL;A:85:LEU,dockedC0->refC4;dockedC1->refC3;dockedC2->refC5;dockedC3->refC2;dockedC4->refC1;dockedC5->refC0;dockedC6->refC8;dockedC7->refC9;dockedC8->refC7;dockedC9->refC6,Tier_C_low_priority_pose,
buried_7_model_3_sample2_model,success,-3.351,0.7726,Acceptable_pocket_alignment,10,11.3012,11.0272,4.5,13,7,1,12,6,7.6923,85.7143,0.0526,A:54:ILE;A:63:LEU;A:65:LEU;A:67:LEU;A:75:ILE;A:80:GLN;A:84:MET;A:86:SER;A:87:THR;A:89:PHE;A:95:VAL;A:111:PHE;A:113:LYS,A:64:TYR;A:77:LYS;A:78:ASP;A:79:THR;A:81:LYS;A:82:ALA;A:87:THR,A:87:THR,A:64:TYR;A:77:LYS;A:78:ASP;A:79:THR;A:81:LYS;A:82:ALA,dockedC0->refC9;dockedC1->refC7;dockedC2->refC5;dockedC3->refC0;dockedC4->refC1;dockedC5->refC2;dockedC6->refC3;dockedC7->refC4;dockedC8->refC6;dockedC9->refC8,Tier_C_low_priority_pose,
buried_7_model_4_sample6_model,success,-4.8,0.4838,Acceptable_pocket_alignment,10,1.5632,1.2569,4.5,10,12,9,1,3,90.0,25.0,0.6923,A:8:LEU;A:24:SER;A:36:TYR;A:37:GLY;A:38:VAL;A:58:ALA;A:59:LEU;A:62:ALA;A:63:MET;A:66:ARG,A:8:LEU;A:10:ASP;A:13:LEU;A:24:SER;A:25:PHE;A:36:TYR;A:37:GLY;A:38:VAL;A:58:ALA;A:59:LEU;A:62:ALA;A:66:ARG,A:8:LEU;A:24:SER;A:36:TYR;A:37:GLY;A:38:VAL;A:58:ALA;A:59:LEU;A:62:ALA;A:66:ARG,A:10:ASP;A:13:LEU;A:25:PHE,dockedC0->refC9;dockedC1->refC7;dockedC2->refC8;dockedC3->refC0;dockedC4->refC6;dockedC5->refC5;dockedC6->refC3;dockedC7->refC4;dockedC8->refC2;dockedC9->refC1,Tier_B_supported_pose,
buried_7_model_5_sample9_model,success,-7.552,0.3839,Acceptable_pocket_alignment,10,1.7731,1.3809,4.5,11,11,10,1,1,90.9091,9.0909,0.8333,A:13:THR;A:17:LEU;A:29:ILE;A:41:VAL;A:45:LEU;A:63:LEU;A:75:PHE;A:77:LEU;A:94:VAL;A:96:VAL;A:103:LEU,A:13:THR;A:17:LEU;A:29:ILE;A:37:LEU;A:41:VAL;A:63:LEU;A:75:PHE;A:77:LEU;A:94:VAL;A:96:VAL;A:103:LEU,A:13:THR;A:17:LEU;A:29:ILE;A:41:VAL;A:63:LEU;A:75:PHE;A:77:LEU;A:94:VAL;A:96:VAL;A:103:LEU,A:37:LEU,dockedC0->refC8;dockedC1->refC7;dockedC2->refC9;dockedC3->refC0;dockedC4->refC6;dockedC5->refC5;dockedC6->refC3;dockedC7->refC4;dockedC8->refC2;dockedC9->refC1,Tier_B_supported_pose,
buried_7_model_6_sample4_model,success,-3.867,0.3602,Acceptable_pocket_alignment,10,10.5468,10.3178,4.5,13,8,3,10,5,23.0769,62.5,0.1667,A:12:LEU;A:13:PRO;A:16:VAL;A:21:GLN;A:22:ALA;A:25:ALA;A:26:LEU;A:56:LEU;A:59:ALA;A:68:ALA;A:71:ALA;A:72:MET;A:75:LEU,A:12:LEU;A:13:PRO;A:14:ALA;A:55:GLN;A:58:ALA;A:59:ALA;A:61:THR;A:62:VAL,A:12:LEU;A:13:PRO;A:59:ALA,A:14:ALA;A:55:GLN;A:58:ALA;A:61:THR;A:62:VAL,dockedC0->refC8;dockedC1->refC7;dockedC2->refC9;dockedC3->refC0;dockedC4->refC1;dockedC5->refC2;dockedC6->refC3;dockedC7->refC4;dockedC8->refC5;dockedC9->refC6,Tier_C_low_priority_pose,
buried_7_model_7_sample10_model,success,-7.009,0.3983,Acceptable_pocket_alignment,10,1.8573,1.72,4.5,12,16,11,1,5,91.6667,31.25,0.6471,A:19:THR;A:24:MET;A:32:VAL;A:46:ALA;A:47:THR;A:48:ILE;A:71:ILE;A:83:VAL;A:85:LEU;A:95:THR;A:96:GLY;A:98:PHE,A:4:ARG;A:19:THR;A:20:PRO;A:22:VAL;A:24:MET;A:32:VAL;A:46:ALA;A:47:THR;A:48:ILE;A:83:VAL;A:85:LEU;A:94:VAL;A:95:THR;A:96:GLY;A:98:PHE;A:110:THR,A:19:THR;A:24:MET;A:32:VAL;A:46:ALA;A:47:THR;A:48:ILE;A:83:VAL;A:85:LEU;A:95:THR;A:96:GLY;A:98:PHE,A:4:ARG;A:20:PRO;A:22:VAL;A:94:VAL;A:110:THR,dockedC0->refC8;dockedC1->refC7;dockedC2->refC9;dockedC3->refC0;dockedC4->refC1;dockedC5->refC2;dockedC6->refC3;dockedC7->refC4;dockedC8->refC5;dockedC9->refC6,Tier_B_supported_pose,
buried_8_model_2_sample8_model,success,-3.535,0.5218,Acceptable_pocket_alignment,10,8.8326,8.7489,4.5,13,6,4,9,2,30.7692,33.3333,0.2667,A:28:LEU;A:58:VAL;A:59:ARG;A:61:ALA;A:62:PRO;A:64:LEU;A:65:VAL;A:68:LEU;A:76:ILE;A:78:TYR;A:80:VAL;A:85:ILE;A:87:ILE,A:62:PRO;A:65:VAL;A:66:PRO;A:69:ALA;A:76:ILE;A:78:TYR,A:62:PRO;A:65:VAL;A:76:ILE;A:78:TYR,A:66:PRO;A:69:ALA,dockedC0->refC5;dockedC1->refC3;dockedC2->refC4;dockedC3->refC2;dockedC4->refC1;dockedC5->refC0;dockedC6->refC7;dockedC7->refC9;dockedC8->refC8;dockedC9->refC6,Tier_C_low_priority_pose,
buried_8_model_3_sample2_model,success,-7.829,0.427,Acceptable_pocket_alignment,7,3.8449,3.6396,4.5,12,12,7,5,5,58.3333,41.6667,0.4118,A:5:THR;A:11:MET;A:18:VAL;A:33:ALA;A:35:VAL;A:40:THR;A:42:VAL;A:55:VAL;A:57:ALA;A:64:VAL;A:66:LEU;A:68:VAL,A:3:VAL;A:5:THR;A:18:VAL;A:20:VAL;A:40:THR;A:42:VAL;A:44:LEU;A:53:TYR;A:55:VAL;A:66:LEU;A:68:VAL;A:70:LEU,A:5:THR;A:18:VAL;A:40:THR;A:42:VAL;A:55:VAL;A:66:LEU;A:68:VAL,A:3:VAL;A:20:VAL;A:44:LEU;A:53:TYR;A:70:LEU,dockedC0->refC2;dockedC1->refC3;dockedC2->refC4;dockedC3->refC5;dockedC4->refC1;dockedC5->refC9;dockedC6->refC7;dockedC7->refC8;dockedC8->refC0;dockedC9->refC6,Tier_C_low_priority_pose,
buried_8_model_4_sample3_model,success,-5.347,0.5925,Acceptable_pocket_alignment,9,2.1211,1.7642,4.5,14,13,13,1,0,92.8571,0.0,0.9286,A:6:PHE;A:10:TRP;A:13:VAL;A:30:ILE;A:33:ALA;A:34:ALA;A:37:VAL;A:48:LEU;A:51:ILE;A:52:LYS;A:76:LEU;A:79:ILE;A:80:LYS;A:83:ILE,A:6:PHE;A:10:TRP;A:30:ILE;A:33:ALA;A:34:ALA;A:37:VAL;A:48:LEU;A:51:ILE;A:52:LYS;A:76:LEU;A:79:ILE;A:80:LYS;A:83:ILE,A:6:PHE;A:10:TRP;A:30:ILE;A:33:ALA;A:34:ALA;A:37:VAL;A:48:LEU;A:51:ILE;A:52:LYS;A:76:LEU;A:79:ILE;A:80:LYS;A:83:ILE,,dockedC0->refC2;dockedC1->refC3;dockedC2->refC4;dockedC3->refC5;dockedC4->refC1;dockedC5->refC9;dockedC6->refC7;dockedC7->refC8;dockedC8->refC0;dockedC9->refC6,Tier_B_supported_pose,
buried_8_model_7_sample9_model,success,-6.543,0.3787,Acceptable_pocket_alignment,10,1.6379,0.5029,4.5,14,12,12,2,0,85.7143,0.0,0.8571,A:7:VAL;A:9:PHE;A:24:LEU;A:27:VAL;A:28:GLN;A:31:LEU;A:38:PRO;A:40:ILE;A:54:VAL;A:56:LEU;A:66:PHE;A:70:THR;A:74:ILE;A:78:MET,A:7:VAL;A:24:LEU;A:27:VAL;A:28:GLN;A:31:LEU;A:40:ILE;A:54:VAL;A:56:LEU;A:66:PHE;A:70:THR;A:74:ILE;A:78:MET,A:7:VAL;A:24:LEU;A:27:VAL;A:28:GLN;A:31:LEU;A:40:ILE;A:54:VAL;A:56:LEU;A:66:PHE;A:70:THR;A:74:ILE;A:78:MET,,dockedC0->refC6;dockedC1->refC7;dockedC2->refC8;dockedC3->refC0;dockedC4->refC9;dockedC5->refC1;dockedC6->refC3;dockedC7->refC2;dockedC8->refC4;dockedC9->refC5,Tier_B_supported_pose,
buried_8_model_9_sample2_model,success,-7.182,0.3117,Acceptable_pocket_alignment,10,1.3222,1.1912,4.5,15,14,12,3,2,80.0,14.2857,0.7059,A:5:VAL;A:8:VAL;A:19:VAL;A:21:ALA;A:23:VAL;A:31:VAL;A:34:VAL;A:35:LEU;A:38:VAL;A:42:PHE;A:64:VAL;A:66:LEU;A:79:VAL;A:83:LEU;A:89:LEU,A:3:VAL;A:5:VAL;A:19:VAL;A:21:ALA;A:23:VAL;A:31:VAL;A:34:VAL;A:35:LEU;A:38:VAL;A:64:VAL;A:66:LEU;A:82:PHE;A:83:LEU;A:89:LEU,A:5:VAL;A:19:VAL;A:21:ALA;A:23:VAL;A:31:VAL;A:34:VAL;A:35:LEU;A:38:VAL;A:64:VAL;A:66:LEU;A:83:LEU;A:89:LEU,A:3:VAL;A:82:PHE,dockedC0->refC8;dockedC1->refC7;dockedC2->refC9;dockedC3->refC0;dockedC4->refC1;dockedC5->refC2;dockedC6->refC3;dockedC7->refC4;dockedC8->refC5;dockedC9->refC6,Tier_B_supported_pose,
buried_9_model_0_sample5_model,success,-5.214,0.5456,Acceptable_pocket_alignment,10,2.5396,1.7937,4.5,11,10,8,3,2,72.7273,20.0,0.6154,A:3:ALA;A:7:LEU;A:25:LEU;A:28:ALA;A:35:ALA;A:38:LEU;A:39:ALA;A:68:ALA;A:72:GLY;A:75:ALA;A:76:GLN,A:3:ALA;A:4:ALA;A:7:LEU;A:28:ALA;A:29:ALA;A:35:ALA;A:38:LEU;A:39:ALA;A:72:GLY;A:76:GLN,A:3:ALA;A:7:LEU;A:28:ALA;A:35:ALA;A:38:LEU;A:39:ALA;A:72:GLY;A:76:GLN,A:4:ALA;A:29:ALA,dockedC0->refC5;dockedC1->refC6;dockedC2->refC8;dockedC3->refC0;dockedC4->refC7;dockedC5->refC9;dockedC6->refC1;dockedC7->refC2;dockedC8->refC4;dockedC9->refC3,Tier_C_low_priority_pose,
buried_9_model_3_sample2_model,success,-4.014,0.4061,Acceptable_pocket_alignment,10,9.179,8.9519,4.5,12,8,3,9,5,25.0,62.5,0.1765,A:13:LEU;A:40:VAL;A:46:PHE;A:48:LEU;A:66:VAL;A:74:LEU;A:75:ALA;A:77:VAL;A:96:ALA;A:98:VAL;A:112:ILE;A:116:ASN,A:39:GLU;A:40:VAL;A:68:ASP;A:69:ALA;A:74:LEU;A:94:SER;A:95:ALA;A:116:ASN,A:40:VAL;A:74:LEU;A:116:ASN,A:39:GLU;A:68:ASP;A:69:ALA;A:94:SER;A:95:ALA,dockedC0->refC4;dockedC1->refC5;dockedC2->refC8;dockedC3->refC0;dockedC4->refC6;dockedC5->refC7;dockedC6->refC1;dockedC7->refC9;dockedC8->refC2;dockedC9->refC3,Tier_C_low_priority_pose,
buried_9_model_4_sample7_model,success,-6.539,0.3909,Acceptable_pocket_alignment,9,1.2358,1.0015,4.5,12,12,9,3,3,75.0,25.0,0.6,A:8:VAL;A:9:MET;A:12:GLY;A:28:PHE;A:46:ILE;A:68:VAL;A:81:ALA;A:84:ILE;A:85:ALA;A:88:ALA;A:104:LEU;A:107:VAL,A:8:VAL;A:9:MET;A:28:PHE;A:46:ILE;A:61:LEU;A:65:ALA;A:68:VAL;A:69:LEU;A:81:ALA;A:84:ILE;A:88:ALA;A:104:LEU,A:8:VAL;A:9:MET;A:28:PHE;A:46:ILE;A:68:VAL;A:81:ALA;A:84:ILE;A:88:ALA;A:104:LEU,A:61:LEU;A:65:ALA;A:69:LEU,dockedC0->refC9;dockedC1->refC7;dockedC2->refC8;dockedC3->refC0;dockedC4->refC1;dockedC5->refC2;dockedC6->refC3;dockedC7->refC4;dockedC8->refC5;dockedC9->refC6,Tier_B_supported_pose,
buried_9_model_6_sample6_model,success,-6.4,0.4535,Acceptable_pocket_alignment,8,1.1965,0.5532,4.5,13,15,13,0,2,100.0,13.3333,0.8667,A:43:ARG;A:45:LEU;A:52:LEU;A:60:ALA;A:63:ALA;A:64:ALA;A:70:VAL;A:72:VAL;A:84:LEU;A:88:PHE;A:108:VAL;A:110:GLY;A:112:PRO,A:43:ARG;A:45:LEU;A:52:LEU;A:60:ALA;A:63:ALA;A:64:ALA;A:70:VAL;A:72:VAL;A:84:LEU;A:88:PHE;A:108:VAL;A:109:ARG;A:110:GLY;A:111:ARG;A:112:PRO,A:43:ARG;A:45:LEU;A:52:LEU;A:60:ALA;A:63:ALA;A:64:ALA;A:70:VAL;A:72:VAL;A:84:LEU;A:88:PHE;A:108:VAL;A:110:GLY;A:112:PRO,A:109:ARG;A:111:ARG,dockedC0->refC8;dockedC1->refC7;dockedC2->refC9;dockedC3->refC0;dockedC4->refC1;dockedC5->refC2;dockedC6->refC3;dockedC7->refC4;dockedC8->refC5;dockedC9->refC6,Tier_A_high_confidence_recovered_pose,
buried_9_model_9_sample7_model,success,-6.813,0.3439,Acceptable_pocket_alignment,10,1.0878,0.7122,4.5,11,12,10,1,2,90.9091,16.6667,0.7692,A:4:ALA;A:20:ILE;A:22:ALA;A:26:ILE;A:31:ALA;A:34:LEU;A:35:LEU;A:63:LEU;A:69:ALA;A:73:ASP;A:75:LEU,A:20:ILE;A:22:ALA;A:26:ILE;A:31:ALA;A:34:LEU;A:35:LEU;A:63:LEU;A:69:ALA;A:73:ASP;A:74:VAL;A:75:LEU;A:93:ASN,A:20:ILE;A:22:ALA;A:26:ILE;A:31:ALA;A:34:LEU;A:35:LEU;A:63:LEU;A:69:ALA;A:73:ASP;A:75:LEU,A:74:VAL;A:93:ASN,dockedC0->refC8;dockedC1->refC7;dockedC2->refC9;dockedC3->refC0;dockedC4->refC1;dockedC5->refC2;dockedC6->refC3;dockedC7->refC4;dockedC8->refC5;dockedC9->refC6,Tier_A_high_confidence_recovered_pose,
